,Model,Extra,Mode,Extra ratio
0,QCL,0.00012615006651128742,linear,0.1
1,GPR,2.746153526195237e-06,linear,0.1
2,DNN,0.00018131947119133128,linear,0.1
3,QCL,5.4494358220358565e-05,linear,0.3
4,GPR,0.0001100691387940162,linear,0.3
5,DNN,0.00036140152619621433,linear,0.3
6,QCL,0.00033612271635362546,linear,0.5
7,GPR,0.0027773014672221054,linear,0.5
8,DNN,0.0009925183559268192,linear,0.5
9,QCL,0.00023337568237951189,linear,0.7
10,GPR,0.03089451915130965,linear,0.7
11,DNN,0.00239166471676255,linear,0.7
12,QCL,0.00017847909661233656,linear,0.9
13,GPR,0.0804816093764547,linear,0.9
14,DNN,0.003383892906867625,linear,0.9
15,QCL,1.3103467211343227e-05,exp,0.1
16,GPR,4.470537850723365e-05,exp,0.1
17,DNN,0.00032212003358345976,exp,0.1
18,QCL,3.547801784463689e-06,exp,0.3
19,GPR,0.001852730879830099,exp,0.3
20,DNN,0.009812558477120783,exp,0.3
21,QCL,1.513637642140183e-05,exp,0.5
22,GPR,0.005441982253370326,exp,0.5
23,DNN,0.03980603098167235,exp,0.5
24,QCL,1.285619288989723e-05,exp,0.7
25,GPR,0.015852711322542696,exp,0.7
26,DNN,0.048885866445222456,exp,0.7
27,QCL,1.85897874000728e-05,exp,0.9
28,GPR,0.06262725732240726,exp,0.9
29,DNN,0.12065111750567388,exp,0.9
30,QCL,0.00046339360841363305,sin1/2,0.1
31,GPR,4.679660860683386e-06,sin1/2,0.1
32,DNN,0.002289236229944295,sin1/2,0.1
33,QCL,8.598964981633741e-05,sin1/2,0.3
34,GPR,0.000697405205404155,sin1/2,0.3
35,DNN,0.000810195612452709,sin1/2,0.3
36,QCL,3.893098318943726e-05,sin1/2,0.5
37,GPR,0.00044227254524389665,sin1/2,0.5
38,DNN,0.012099490710378642,sin1/2,0.5
39,QCL,3.113851833674513e-05,sin1/2,0.7
40,GPR,0.009368330767608074,sin1/2,0.7
41,DNN,0.0935009924108169,sin1/2,0.7
42,QCL,6.948239543634857e-05,sin1/2,0.9
43,GPR,1.26429035491118,sin1/2,0.9
44,DNN,0.30655291317048183,sin1/2,0.9
45,QCL,0.09316739855530817,sin,0.1
46,GPR,6.061519491432173e-07,sin,0.1
47,DNN,0.02066826050946955,sin,0.1
48,QCL,0.675275216457431,sin,0.3
49,GPR,0.01255803832001123,sin,0.3
50,DNN,0.27436454989345477,sin,0.3
51,QCL,0.701852179449481,sin,0.5
52,GPR,0.1307475827480281,sin,0.5
53,DNN,3.137332130425467,sin,0.5
54,QCL,0.652655777475869,sin,0.7
55,GPR,0.03787955249043564,sin,0.7
56,DNN,3.755050611259971,sin,0.7
57,QCL,0.4521882162713902,sin,0.9
58,GPR,0.48889511942601693,sin,0.9
59,DNN,5.418241113159668,sin,0.9
60,QCL,0.3621132460111239,sin2,0.1
61,GPR,0.000372884586312949,sin2,0.1
62,DNN,0.7606088565095076,sin2,0.1
63,QCL,3.242032272724074,sin2,0.3
64,GPR,0.20252691671817172,sin2,0.3
65,DNN,0.22513147086652954,sin2,0.3
66,QCL,2.0856539906688023,sin2,0.5
67,GPR,0.5641702448397592,sin2,0.5
68,DNN,6.726130168270202,sin2,0.5
69,QCL,2.3005118944273186,sin2,0.7
70,GPR,0.421971409284399,sin2,0.7
71,DNN,3.3618124523450184,sin2,0.7
72,QCL,2.3849773172995823,sin2,0.9
73,GPR,0.3255065314744053,sin2,0.9
74,DNN,13.43733612153576,sin2,0.9
75,QCL,3.7060642816381946e-05,linear,0.1
76,GPR,3.0514858836396052e-06,linear,0.1
77,DNN,4.345748771828657e-06,linear,0.1
78,QCL,1.4325318734075746e-05,linear,0.3
79,GPR,8.685699227560948e-05,linear,0.3
80,DNN,0.0024265828861657836,linear,0.3
81,QCL,0.0002849401688048756,linear,0.5
82,GPR,0.0012396909972294502,linear,0.5
83,DNN,0.0015997913389961729,linear,0.5
84,QCL,0.003389604994880707,linear,0.7
85,GPR,0.018241803674614993,linear,0.7
86,DNN,0.0018432670050103962,linear,0.7
87,QCL,0.002389467970929237,linear,0.9
88,GPR,0.06241195570102003,linear,0.9
89,DNN,0.004476724385203524,linear,0.9
90,QCL,0.0004876071287488796,exp,0.1
91,GPR,4.688631228363508e-05,exp,0.1
92,DNN,0.00041339263066937865,exp,0.1
93,QCL,3.870177700090806e-05,exp,0.3
94,GPR,0.001232494131906079,exp,0.3
95,DNN,0.010841718148711097,exp,0.3
96,QCL,0.0002618207619837197,exp,0.5
97,GPR,0.008786237913839619,exp,0.5
98,DNN,0.02746746562911397,exp,0.5
99,QCL,0.00011933471158954444,exp,0.7
100,GPR,0.04742100827305318,exp,0.7
101,DNN,0.051926533754749045,exp,0.7
102,QCL,9.361154536588805e-05,exp,0.9
103,GPR,0.051399307224276894,exp,0.9
104,DNN,0.04892265926840266,exp,0.9
105,QCL,0.001798854636294057,sin1/2,0.1
106,GPR,1.7341069091618103e-05,sin1/2,0.1
107,DNN,0.0008532321270058665,sin1/2,0.1
108,QCL,0.0008227665584851692,sin1/2,0.3
109,GPR,0.0004892329248970575,sin1/2,0.3
110,DNN,0.0006246286732665503,sin1/2,0.3
111,QCL,0.0006509153841596395,sin1/2,0.5
112,GPR,0.0010923398456980692,sin1/2,0.5
113,DNN,0.01616988638259441,sin1/2,0.5
114,QCL,0.0015559635864574202,sin1/2,0.7
115,GPR,0.009579193051504892,sin1/2,0.7
116,DNN,0.20644609195214567,sin1/2,0.7
117,QCL,0.001186119402892166,sin1/2,0.9
118,GPR,0.16104274417037598,sin1/2,0.9
119,DNN,1.6422018850392572,sin1/2,0.9
120,QCL,0.13828415854212045,sin,0.1
121,GPR,2.2236424681469844e-06,sin,0.1
122,DNN,0.01763427320475528,sin,0.1
123,QCL,0.3706350075984174,sin,0.3
124,GPR,0.0025056174532059935,sin,0.3
125,DNN,0.19159103863544102,sin,0.3
126,QCL,0.8727096058864997,sin,0.5
127,GPR,0.15746094144482514,sin,0.5
128,DNN,0.8295530829690447,sin,0.5
129,QCL,0.4663968422178817,sin,0.7
130,GPR,0.0455497327377729,sin,0.7
131,DNN,3.3261346786792996,sin,0.7
132,QCL,0.41920991263499385,sin,0.9
133,GPR,0.4146052032522196,sin,0.9
134,DNN,3.956695883070653,sin,0.9
135,QCL,0.49951016015667876,sin2,0.1
136,GPR,9.451168784630412e-06,sin2,0.1
137,DNN,0.315867497732106,sin2,0.1
138,QCL,4.969204503661592,sin2,0.3
139,GPR,0.172600761296608,sin2,0.3
140,DNN,0.56484809196557,sin2,0.3
141,QCL,1.4162334542366901,sin2,0.5
142,GPR,0.6050463261863122,sin2,0.5
143,DNN,4.066300381404178,sin2,0.5
144,QCL,2.4779320500228406,sin2,0.7
145,GPR,0.5396682666819934,sin2,0.7
146,DNN,1.2469998778697338,sin2,0.7
147,QCL,1.792276492709858,sin2,0.9
148,GPR,0.4231483472026877,sin2,0.9
149,DNN,19.632264609775522,sin2,0.9
150,QCL,1.339411944885384e-07,linear,0.1
151,GPR,1.4721918082319586e-05,linear,0.1
152,DNN,0.0009142952760177889,linear,0.1
153,QCL,7.095446873957643e-08,linear,0.3
154,GPR,9.867357342577812e-05,linear,0.3
155,DNN,0.001518478131063196,linear,0.3
156,QCL,2.2917845693055113e-08,linear,0.5
157,GPR,0.006635910510254041,linear,0.5
158,DNN,0.00033534091180316715,linear,0.5
159,QCL,1.7868214930932253e-08,linear,0.7
160,GPR,0.013205167144744406,linear,0.7
161,DNN,0.0014614743207830422,linear,0.7
162,QCL,2.3401694367713945e-07,linear,0.9
163,GPR,0.06861461249192151,linear,0.9
164,DNN,0.006625856615876624,linear,0.9
165,QCL,0.00031411351607081497,exp,0.1
166,GPR,6.220621642857234e-05,exp,0.1
167,DNN,0.0005357499914333305,exp,0.1
168,QCL,8.403399182905507e-05,exp,0.3
169,GPR,0.0009517090515769116,exp,0.3
170,DNN,0.005485655493871987,exp,0.3
171,QCL,0.0003589986091728516,exp,0.5
172,GPR,0.005339880523275301,exp,0.5
173,DNN,0.054250958861316693,exp,0.5
174,QCL,0.009361516163422864,exp,0.7
175,GPR,0.016904897830170407,exp,0.7
176,DNN,0.053125301257384204,exp,0.7
177,QCL,0.007247789949577418,exp,0.9
178,GPR,0.06329136758450792,exp,0.9
179,DNN,0.06544620411429848,exp,0.9
180,QCL,3.986230995870344e-05,sin1/2,0.1
181,GPR,3.536962497022371e-06,sin1/2,0.1
182,DNN,0.00046730747160357957,sin1/2,0.1
183,QCL,1.282829427801813e-05,sin1/2,0.3
184,GPR,0.0008479678078527391,sin1/2,0.3
185,DNN,0.002189207485328531,sin1/2,0.3
186,QCL,9.515884848479621e-06,sin1/2,0.5
187,GPR,0.0017396169911985137,sin1/2,0.5
188,DNN,0.025239919883086312,sin1/2,0.5
189,QCL,6.258032077540993e-06,sin1/2,0.7
190,GPR,0.010339922960743318,sin1/2,0.7
191,DNN,0.1200180139269896,sin1/2,0.7
192,QCL,3.0316926531211674e-05,sin1/2,0.9
193,GPR,0.18106671634526542,sin1/2,0.9
194,DNN,0.14975386357477927,sin1/2,0.9
195,QCL,0.20736815269102146,sin,0.1
196,GPR,3.8295858529001714e-05,sin,0.1
197,DNN,0.0589623953965023,sin,0.1
198,QCL,0.7282290101990765,sin,0.3
199,GPR,0.011799763428337945,sin,0.3
200,DNN,0.2589116792514852,sin,0.3
201,QCL,0.6410100605123297,sin,0.5
202,GPR,0.09860260458951058,sin,0.5
203,DNN,2.1715299068488245,sin,0.5
204,QCL,0.4425169973537194,sin,0.7
205,GPR,0.07242091355656959,sin,0.7
206,DNN,5.933527177042432,sin,0.7
207,QCL,0.5942346609458182,sin,0.9
208,GPR,0.41797199226379517,sin,0.9
209,DNN,6.362829577410868,sin,0.9
210,QCL,0.42864971583065703,sin2,0.1
211,GPR,2.9602080244862173e-05,sin2,0.1
212,DNN,0.6706134634776879,sin2,0.1
213,QCL,3.496363958694467,sin2,0.3
214,GPR,0.1284656165967933,sin2,0.3
215,DNN,0.4390911179091435,sin2,0.3
216,QCL,3.437711229041306,sin2,0.5
217,GPR,0.15208000970216756,sin2,0.5
218,DNN,4.170631689059607,sin2,0.5
219,QCL,2.482082369780325,sin2,0.7
220,GPR,0.3931260291954761,sin2,0.7
221,DNN,1.6481939193636232,sin2,0.7
222,QCL,1.5259993206861988,sin2,0.9
223,GPR,0.3783194599308117,sin2,0.9
224,DNN,3.531316839452348,sin2,0.9
225,QCL,7.149392288707194e-05,linear,0.1
226,GPR,2.8241958736738187e-06,linear,0.1
227,DNN,1.5421529005307485e-05,linear,0.1
228,QCL,3.0380270180523415e-05,linear,0.3
229,GPR,6.83334717379252e-05,linear,0.3
230,DNN,0.0012480144551785626,linear,0.3
231,QCL,0.0007058300276790118,linear,0.5
232,GPR,0.004502515559736342,linear,0.5
233,DNN,0.00010853930888903959,linear,0.5
234,QCL,0.00025164460177195614,linear,0.7
235,GPR,0.07218950320062988,linear,0.7
236,DNN,0.019336818671315124,linear,0.7
237,QCL,0.00017766173469804222,linear,0.9
238,GPR,0.1312051230245137,linear,0.9
239,DNN,0.008253204447117628,linear,0.9
240,QCL,3.511302904943532e-06,exp,0.1
241,GPR,7.280371693437352e-05,exp,0.1
242,DNN,0.0010193947409794769,exp,0.1
243,QCL,2.2106904299013538e-06,exp,0.3
244,GPR,0.0002722338056477587,exp,0.3
245,DNN,0.002061061902021506,exp,0.3
246,QCL,7.0049783288282195e-06,exp,0.5
247,GPR,0.008222207901016396,exp,0.5
248,DNN,0.0676207564021754,exp,0.5
249,QCL,0.0015905070904483664,exp,0.7
250,GPR,0.015066214922430248,exp,0.7
251,DNN,0.0730172237877255,exp,0.7
252,QCL,0.0014390119704380203,exp,0.9
253,GPR,0.06797739471216502,exp,0.9
254,DNN,0.19052432029961994,exp,0.9
255,QCL,0.001195452502160279,sin1/2,0.1
256,GPR,8.692003462435593e-06,sin1/2,0.1
257,DNN,0.0015360848717064185,sin1/2,0.1
258,QCL,0.0007931187983458938,sin1/2,0.3
259,GPR,0.0006713814905876281,sin1/2,0.3
260,DNN,0.0034982807057919265,sin1/2,0.3
261,QCL,0.0009141650500285778,sin1/2,0.5
262,GPR,0.00030313272254855415,sin1/2,0.5
263,DNN,0.020143970806144777,sin1/2,0.5
264,QCL,0.000579626793013388,sin1/2,0.7
265,GPR,0.006936236308954341,sin1/2,0.7
266,DNN,0.13864807178215033,sin1/2,0.7
267,QCL,0.0005592283812822945,sin1/2,0.9
268,GPR,0.1766947196177099,sin1/2,0.9
269,DNN,1.0576249461964518,sin1/2,0.9
270,QCL,0.1823487511014807,sin,0.1
271,GPR,7.877420198043598e-07,sin,0.1
272,DNN,0.03240754119064672,sin,0.1
273,QCL,0.2609614478996937,sin,0.3
274,GPR,0.0022220088707142747,sin,0.3
275,DNN,0.11587326283083849,sin,0.3
276,QCL,0.7826294599245736,sin,0.5
277,GPR,0.1076685617869558,sin,0.5
278,DNN,0.07708930222010721,sin,0.5
279,QCL,0.5051265798436848,sin,0.7
280,GPR,0.10059545970777392,sin,0.7
281,DNN,4.0114742900964595,sin,0.7
282,QCL,0.6025791779083927,sin,0.9
283,GPR,0.4222074991834649,sin,0.9
284,DNN,11.330890133917777,sin,0.9
285,QCL,0.24399407974849638,sin2,0.1
286,GPR,0.0001962310065936553,sin2,0.1
287,DNN,1.046985689723607,sin2,0.1
288,QCL,4.568117889269865,sin2,0.3
289,GPR,0.192554864572075,sin2,0.3
290,DNN,0.8094787148040854,sin2,0.3
291,QCL,2.2265899251464805,sin2,0.5
292,GPR,0.4944887532562285,sin2,0.5
293,DNN,3.776156885315883,sin2,0.5
294,QCL,2.9689836434613497,sin2,0.7
295,GPR,0.7041799655627621,sin2,0.7
296,DNN,3.5851770170634722,sin2,0.7
297,QCL,1.3796430960894317,sin2,0.9
298,GPR,0.3988420200581179,sin2,0.9
299,DNN,10.598020275326531,sin2,0.9
300,QCL,0.0003920779545778353,linear,0.1
301,GPR,1.1398340682560069e-05,linear,0.1
302,DNN,0.00018136992477466217,linear,0.1
303,QCL,0.0002509201986702254,linear,0.3
304,GPR,8.963270279600353e-05,linear,0.3
305,DNN,0.0005129729146381421,linear,0.3
306,QCL,0.0001652649374123385,linear,0.5
307,GPR,0.0010788456952392227,linear,0.5
308,DNN,0.003980154033982245,linear,0.5
309,QCL,0.002299704019035886,linear,0.7
310,GPR,0.022923175515877914,linear,0.7
311,DNN,0.0007031685569357085,linear,0.7
312,QCL,0.001087022703481616,linear,0.9
313,GPR,0.06003273229469967,linear,0.9
314,DNN,0.0007863109870338593,linear,0.9
315,QCL,3.8960619445026977e-05,exp,0.1
316,GPR,3.7438463985844445e-05,exp,0.1
317,DNN,0.0004839599257522951,exp,0.1
318,QCL,1.4890409360974487e-05,exp,0.3
319,GPR,0.0008413623135498761,exp,0.3
320,DNN,0.0047433089447779615,exp,0.3
321,QCL,0.00011019369155478214,exp,0.5
322,GPR,0.009744319484212238,exp,0.5
323,DNN,0.15215793300923125,exp,0.5
324,QCL,5.4878918942921776e-05,exp,0.7
325,GPR,0.020087270936904295,exp,0.7
326,DNN,0.0495288146829261,exp,0.7
327,QCL,5.677672939229861e-05,exp,0.9
328,GPR,0.059486197449792194,exp,0.9
329,DNN,0.08637447056179674,exp,0.9
330,QCL,0.00029679283392666295,sin1/2,0.1
331,GPR,3.108172376673856e-06,sin1/2,0.1
332,DNN,0.0010677749634898242,sin1/2,0.1
333,QCL,5.04819930121658e-05,sin1/2,0.3
334,GPR,0.00023643507655397286,sin1/2,0.3
335,DNN,0.00018746517496969202,sin1/2,0.3
336,QCL,6.538936367313201e-05,sin1/2,0.5
337,GPR,0.0004312422760666345,sin1/2,0.5
338,DNN,0.030335696174057798,sin1/2,0.5
339,QCL,3.329393879352291e-05,sin1/2,0.7
340,GPR,0.026503476579267406,sin1/2,0.7
341,DNN,0.34614880680880655,sin1/2,0.7
342,QCL,1.7404663122966943e-05,sin1/2,0.9
343,GPR,0.2109261782591419,sin1/2,0.9
344,DNN,0.809117207091695,sin1/2,0.9
345,QCL,0.10239120205416621,sin,0.1
346,GPR,1.9149147264628755e-06,sin,0.1
347,DNN,0.01262585878984258,sin,0.1
348,QCL,0.32606581864390516,sin,0.3
349,GPR,0.001870756012363319,sin,0.3
350,DNN,0.06546716952502658,sin,0.3
351,QCL,0.7988618282377553,sin,0.5
352,GPR,0.11539633289701183,sin,0.5
353,DNN,0.8669570362408413,sin,0.5
354,QCL,0.7398245927664688,sin,0.7
355,GPR,0.038935639149478035,sin,0.7
356,DNN,1.9970079381900934,sin,0.7
357,QCL,0.4973446787311588,sin,0.9
358,GPR,0.445817212459202,sin,0.9
359,DNN,3.8607326759854286,sin,0.9
360,QCL,0.2063156049842508,sin2,0.1
361,GPR,0.00042907830935449076,sin2,0.1
362,DNN,0.12432762563808442,sin2,0.1
363,QCL,4.358139314138171,sin2,0.3
364,GPR,0.10166897787157762,sin2,0.3
365,DNN,2.661481215475825,sin2,0.3
366,QCL,4.005537745797547,sin2,0.5
367,GPR,0.46816377806644527,sin2,0.5
368,DNN,2.5578408871303164,sin2,0.5
369,QCL,1.9055237172579202,sin2,0.7
370,GPR,0.4899485287281378,sin2,0.7
371,DNN,4.647614708978192,sin2,0.7
372,QCL,1.6458426375223918,sin2,0.9
373,GPR,0.4606267007331409,sin2,0.9
374,DNN,12.378880551316366,sin2,0.9
375,QCL,0.0003709112856372195,linear,0.1
376,GPR,1.1306475246029382e-05,linear,0.1
377,DNN,0.0003221400278597135,linear,0.1
378,QCL,0.00020524639812852884,linear,0.3
379,GPR,7.007847135681792e-05,linear,0.3
380,DNN,0.0004669702144852512,linear,0.3
381,QCL,8.24621633031948e-05,linear,0.5
382,GPR,0.003851913627932443,linear,0.5
383,DNN,7.414693502300406e-05,linear,0.5
384,QCL,0.00010712458387174843,linear,0.7
385,GPR,0.025326643936755953,linear,0.7
386,DNN,0.03971420668306473,linear,0.7
387,QCL,4.7490243599304974e-05,linear,0.9
388,GPR,0.10106342080295495,linear,0.9
389,DNN,0.009234046211337317,linear,0.9
390,QCL,0.00027775231764238384,exp,0.1
391,GPR,1.1411294831726519e-05,exp,0.1
392,DNN,0.0001931091793345553,exp,0.1
393,QCL,0.006505634723811712,exp,0.3
394,GPR,0.0013401008211131175,exp,0.3
395,DNN,0.00964939335634763,exp,0.3
396,QCL,0.003403798468131774,exp,0.5
397,GPR,0.006768263371962307,exp,0.5
398,DNN,0.04000990244033651,exp,0.5
399,QCL,0.005690616947873323,exp,0.7
400,GPR,0.04066898866796497,exp,0.7
401,DNN,0.0659108043265707,exp,0.7
402,QCL,0.002855083652583528,exp,0.9
403,GPR,0.0447874887207154,exp,0.9
404,DNN,0.1825240473684768,exp,0.9
405,QCL,0.0003451674666642789,sin1/2,0.1
406,GPR,1.0256973828412098e-05,sin1/2,0.1
407,DNN,0.0015246847012804392,sin1/2,0.1
408,QCL,9.715375975079531e-05,sin1/2,0.3
409,GPR,0.0010575871443916393,sin1/2,0.3
410,DNN,0.0007167043009748109,sin1/2,0.3
411,QCL,0.00010281060855220144,sin1/2,0.5
412,GPR,0.0003261219857127719,sin1/2,0.5
413,DNN,0.013270064238274353,sin1/2,0.5
414,QCL,4.457561835543061e-05,sin1/2,0.7
415,GPR,0.039036008787561916,sin1/2,0.7
416,DNN,0.5217180444146359,sin1/2,0.7
417,QCL,2.534352977629406e-05,sin1/2,0.9
418,GPR,1.0782406616943048,sin1/2,0.9
419,DNN,0.700570809777135,sin1/2,0.9
420,QCL,0.10019398568830533,sin,0.1
421,GPR,4.486964019360484e-07,sin,0.1
422,DNN,0.0186727141631473,sin,0.1
423,QCL,0.3001741816953538,sin,0.3
424,GPR,0.0018536093266855924,sin,0.3
425,DNN,0.122154083777291,sin,0.3
426,QCL,0.928995442542708,sin,0.5
427,GPR,0.17193843180967977,sin,0.5
428,DNN,1.0117072789973007,sin,0.5
429,QCL,0.58154081918262,sin,0.7
430,GPR,0.04583769249712285,sin,0.7
431,DNN,3.003874750761195,sin,0.7
432,QCL,0.3917849640241296,sin,0.9
433,GPR,0.4507154066484443,sin,0.9
434,DNN,5.954806751965033,sin,0.9
435,QCL,0.23724207983906176,sin2,0.1
436,GPR,4.517378929389462e-06,sin2,0.1
437,DNN,0.03983586161453625,sin2,0.1
438,QCL,2.295942718717636,sin2,0.3
439,GPR,0.055859201299418425,sin2,0.3
440,DNN,0.17097660819564264,sin2,0.3
441,QCL,3.2145980410901394,sin2,0.5
442,GPR,0.46712655904465966,sin2,0.5
443,DNN,1.4412548440644213,sin2,0.5
444,QCL,3.002631142319475,sin2,0.7
445,GPR,0.36683863206948014,sin2,0.7
446,DNN,3.1628509577334776,sin2,0.7
447,QCL,2.0678420676887628,sin2,0.9
448,GPR,0.5374648402205918,sin2,0.9
449,DNN,9.677093596799226,sin2,0.9
450,QCL,3.771839522072949e-07,linear,0.1
451,GPR,2.0445298361713326e-06,linear,0.1
452,DNN,0.0003742176104565743,linear,0.1
453,QCL,1.1044820337198998e-07,linear,0.3
454,GPR,0.0002407644037970107,linear,0.3
455,DNN,0.0006902142241412788,linear,0.3
456,QCL,5.99523180939111e-08,linear,0.5
457,GPR,0.005234750575230612,linear,0.5
458,DNN,0.00042681770254951874,linear,0.5
459,QCL,3.0084119914593316e-08,linear,0.7
460,GPR,0.025018085585650933,linear,0.7
461,DNN,0.0006975027837741718,linear,0.7
462,QCL,1.7332406548991813e-07,linear,0.9
463,GPR,0.10242325835216673,linear,0.9
464,DNN,0.5000182802613156,linear,0.9
465,QCL,0.00048500758174935363,exp,0.1
466,GPR,5.0431971276045356e-05,exp,0.1
467,DNN,0.0010758312580690526,exp,0.1
468,QCL,3.8315006378686657e-05,exp,0.3
469,GPR,0.0016820790371937337,exp,0.3
470,DNN,0.008771217296039887,exp,0.3
471,QCL,0.0010112587600538778,exp,0.5
472,GPR,0.005635810324426038,exp,0.5
473,DNN,0.033699495064973516,exp,0.5
474,QCL,0.03650468732085751,exp,0.7
475,GPR,0.02327234878592986,exp,0.7
476,DNN,0.0798653488398499,exp,0.7
477,QCL,0.026597426012124427,exp,0.9
478,GPR,0.06254057729526277,exp,0.9
479,DNN,0.07052157301698359,exp,0.9
480,QCL,0.0008130759467513722,sin1/2,0.1
481,GPR,5.0142102779028705e-05,sin1/2,0.1
482,DNN,0.0012257469340795865,sin1/2,0.1
483,QCL,0.002758539779944992,sin1/2,0.3
484,GPR,0.0002610621538895721,sin1/2,0.3
485,DNN,0.0013743914939279493,sin1/2,0.3
486,QCL,0.0023750919347128707,sin1/2,0.5
487,GPR,0.0006797372069518171,sin1/2,0.5
488,DNN,0.015123782307777452,sin1/2,0.5
489,QCL,0.0020277428787156943,sin1/2,0.7
490,GPR,0.031397441153085445,sin1/2,0.7
491,DNN,0.08544755212920783,sin1/2,0.7
492,QCL,0.001285094113177718,sin1/2,0.9
493,GPR,1.1336660246827255,sin1/2,0.9
494,DNN,1.3713255970216447,sin1/2,0.9
495,QCL,0.10387125242584345,sin,0.1
496,GPR,1.1391546377817048e-06,sin,0.1
497,DNN,0.011432997462627797,sin,0.1
498,QCL,0.3746613247036133,sin,0.3
499,GPR,0.0024157906038996747,sin,0.3
500,DNN,0.2053397025466315,sin,0.3
501,QCL,1.1308978364176936,sin,0.5
502,GPR,0.1365435745738309,sin,0.5
503,DNN,0.5809843742318807,sin,0.5
504,QCL,0.5171243275296727,sin,0.7
505,GPR,0.03437788320868573,sin,0.7
506,DNN,7.651255215780848,sin,0.7
507,QCL,0.5250415821976455,sin,0.9
508,GPR,0.3558479477839638,sin,0.9
509,DNN,4.681035015593796,sin,0.9
510,QCL,0.1850953958819335,sin2,0.1
511,GPR,3.15905900921257e-05,sin2,0.1
512,DNN,0.19385499748758067,sin2,0.1
513,QCL,4.90597723011563,sin2,0.3
514,GPR,0.2275574280465836,sin2,0.3
515,DNN,0.5494417841322715,sin2,0.3
516,QCL,2.5456026672705776,sin2,0.5
517,GPR,0.5627991463292175,sin2,0.5
518,DNN,8.148137746442123,sin2,0.5
519,QCL,3.3381949649355454,sin2,0.7
520,GPR,0.5194748831960516,sin2,0.7
521,DNN,3.4814116088803413,sin2,0.7
522,QCL,1.6434165938932328,sin2,0.9
523,GPR,0.4664997419438822,sin2,0.9
524,DNN,15.411510221196533,sin2,0.9
525,QCL,5.884503711759964e-06,linear,0.1
526,GPR,2.676364428073451e-06,linear,0.1
527,DNN,0.00011346382273010784,linear,0.1
528,QCL,1.824132204662732e-06,linear,0.3
529,GPR,0.0001631646825974611,linear,0.3
530,DNN,0.011169018151815941,linear,0.3
531,QCL,6.376648931020044e-05,linear,0.5
532,GPR,0.004570923996382295,linear,0.5
533,DNN,0.0019863828383219683,linear,0.5
534,QCL,5.412830032153874e-05,linear,0.7
535,GPR,0.020572172546810527,linear,0.7
536,DNN,0.0009283651200201973,linear,0.7
537,QCL,3.523292128510977e-05,linear,0.9
538,GPR,0.07906410270379532,linear,0.9
539,DNN,0.7301375429419795,linear,0.9
540,QCL,0.0023410275674523103,exp,0.1
541,GPR,0.00010786707265793864,exp,0.1
542,DNN,0.0009135728172340695,exp,0.1
543,QCL,0.00047225296979610946,exp,0.3
544,GPR,0.0017560656087201294,exp,0.3
545,DNN,0.01843008671144037,exp,0.3
546,QCL,0.00017240460672704886,exp,0.5
547,GPR,0.0021720609187790784,exp,0.5
548,DNN,0.015838399535140837,exp,0.5
549,QCL,0.02847746846428332,exp,0.7
550,GPR,0.021997454314526006,exp,0.7
551,DNN,0.057931963666232884,exp,0.7
552,QCL,0.01978922204707801,exp,0.9
553,GPR,0.05431039235266919,exp,0.9
554,DNN,0.06118365779473991,exp,0.9
555,QCL,0.003959817065926742,sin1/2,0.1
556,GPR,0.00010616797624495018,sin1/2,0.1
557,DNN,0.0012817807585349295,sin1/2,0.1
558,QCL,0.005707986635642028,sin1/2,0.3
559,GPR,0.00048152455798074076,sin1/2,0.3
560,DNN,0.0008833297020326317,sin1/2,0.3
561,QCL,0.002468981199030474,sin1/2,0.5
562,GPR,0.0008081864774462356,sin1/2,0.5
563,DNN,0.024275149640482104,sin1/2,0.5
564,QCL,0.002083369865690198,sin1/2,0.7
565,GPR,0.05520992743341051,sin1/2,0.7
566,DNN,0.6628445838767874,sin1/2,0.7
567,QCL,0.001907346669866317,sin1/2,0.9
568,GPR,0.11627858133576156,sin1/2,0.9
569,DNN,0.2755811674257092,sin1/2,0.9
570,QCL,0.1767926346130378,sin,0.1
571,GPR,1.7762840621829116e-07,sin,0.1
572,DNN,0.014980400611705746,sin,0.1
573,QCL,0.5387318704065893,sin,0.3
574,GPR,0.010539801851579982,sin,0.3
575,DNN,0.22474533054297266,sin,0.3
576,QCL,0.9132160096616648,sin,0.5
577,GPR,0.16022853043651625,sin,0.5
578,DNN,0.7164226978165951,sin,0.5
579,QCL,0.3235765907750869,sin,0.7
580,GPR,0.14602789070816688,sin,0.7
581,DNN,7.6320379675677295,sin,0.7
582,QCL,0.5279001451548524,sin,0.9
583,GPR,0.46950808057135157,sin,0.9
584,DNN,10.293198535827923,sin,0.9
585,QCL,0.19936572223518226,sin2,0.1
586,GPR,0.0002659141051901399,sin2,0.1
587,DNN,0.646664562748585,sin2,0.1
588,QCL,4.392207546584457,sin2,0.3
589,GPR,0.2227234640207125,sin2,0.3
590,DNN,0.638079496528903,sin2,0.3
591,QCL,2.6713794781267564,sin2,0.5
592,GPR,0.2594494574613302,sin2,0.5
593,DNN,2.7776717455597257,sin2,0.5
594,QCL,2.7390989880478793,sin2,0.7
595,GPR,0.49781483233696305,sin2,0.7
596,DNN,1.6017862045758222,sin2,0.7
597,QCL,1.6209434429158789,sin2,0.9
598,GPR,0.4464986521857718,sin2,0.9
599,DNN,11.845684227449233,sin2,0.9
600,QCL,2.6285937671314015e-07,linear,0.1
601,GPR,2.535174836242948e-06,linear,0.1
602,DNN,0.0001412766428212343,linear,0.1
603,QCL,8.496538312392819e-08,linear,0.3
604,GPR,2.0868993642612862e-05,linear,0.3
605,DNN,0.00020732319174594915,linear,0.3
606,QCL,6.812857148395873e-08,linear,0.5
607,GPR,0.004839483258407578,linear,0.5
608,DNN,0.0012558570242950592,linear,0.5
609,QCL,7.693321577671311e-08,linear,0.7
610,GPR,0.08046770058840112,linear,0.7
611,DNN,0.011217893449766583,linear,0.7
612,QCL,7.915305580084703e-07,linear,0.9
613,GPR,0.07004248487225784,linear,0.9
614,DNN,0.09323179666910342,linear,0.9
615,QCL,6.730478899073731e-06,exp,0.1
616,GPR,5.941985535257847e-05,exp,0.1
617,DNN,0.0020359453462792305,exp,0.1
618,QCL,0.0010041994848315544,exp,0.3
619,GPR,0.00021007391547405485,exp,0.3
620,DNN,0.002974332872430695,exp,0.3
621,QCL,0.0005420899521135962,exp,0.5
622,GPR,0.004612748141810723,exp,0.5
623,DNN,0.030203140322666477,exp,0.5
624,QCL,0.011475404016591223,exp,0.7
625,GPR,0.019420586848232817,exp,0.7
626,DNN,0.19720900581631906,exp,0.7
627,QCL,0.00799549988631802,exp,0.9
628,GPR,0.07084153421429774,exp,0.9
629,DNN,0.08209473202042228,exp,0.9
630,QCL,2.8924060747066126e-05,sin1/2,0.1
631,GPR,1.752467020674462e-05,sin1/2,0.1
632,DNN,0.0007374486076794324,sin1/2,0.1
633,QCL,7.518843310471317e-06,sin1/2,0.3
634,GPR,0.0012523178691881266,sin1/2,0.3
635,DNN,0.00589175043026498,sin1/2,0.3
636,QCL,7.009558766252605e-06,sin1/2,0.5
637,GPR,0.0007701458782243516,sin1/2,0.5
638,DNN,0.029794201014189246,sin1/2,0.5
639,QCL,0.0003768468982363266,sin1/2,0.7
640,GPR,0.010487781915289401,sin1/2,0.7
641,DNN,0.12444240941277732,sin1/2,0.7
642,QCL,0.0003797675950943468,sin1/2,0.9
643,GPR,0.17272291601067055,sin1/2,0.9
644,DNN,0.6245816290740858,sin1/2,0.9
645,QCL,0.10923812068997256,sin,0.1
646,GPR,1.0551807407859886e-06,sin,0.1
647,DNN,0.005966908458193103,sin,0.1
648,QCL,1.1282845590417077,sin,0.3
649,GPR,0.04322337944866109,sin,0.3
650,DNN,0.3891467054492973,sin,0.3
651,QCL,0.9079958121814958,sin,0.5
652,GPR,0.16023439342409135,sin,0.5
653,DNN,1.1196499843086265,sin,0.5
654,QCL,0.468659705383191,sin,0.7
655,GPR,0.03773010520823014,sin,0.7
656,DNN,6.592747120374271,sin,0.7
657,QCL,0.6515846273559216,sin,0.9
658,GPR,0.39869728310985414,sin,0.9
659,DNN,7.418408177175492,sin,0.9
660,QCL,0.3838777179941089,sin2,0.1
661,GPR,0.016076958908402973,sin2,0.1
662,DNN,0.6506297915061372,sin2,0.1
663,QCL,3.937671319493705,sin2,0.3
664,GPR,0.22958352347508015,sin2,0.3
665,DNN,0.8084419911905051,sin2,0.3
666,QCL,1.2842000982164665,sin2,0.5
667,GPR,0.7765835665068521,sin2,0.5
668,DNN,4.121729950465982,sin2,0.5
669,QCL,2.7499475921625214,sin2,0.7
670,GPR,0.3221296260277482,sin2,0.7
671,DNN,1.6782297779243256,sin2,0.7
672,QCL,1.873371069425731,sin2,0.9
673,GPR,0.4479396561578819,sin2,0.9
674,DNN,24.102006889695375,sin2,0.9
675,QCL,1.73010800983919e-05,linear,0.1
676,GPR,4.149791233632875e-06,linear,0.1
677,DNN,0.0007739763385332772,linear,0.1
678,QCL,2.5977300651894785e-06,linear,0.3
679,GPR,0.00016900560114681173,linear,0.3
680,DNN,0.0014718502619330063,linear,0.3
681,QCL,2.8935855977964218e-06,linear,0.5
682,GPR,0.0009590941413329573,linear,0.5
683,DNN,0.00016614196100859184,linear,0.5
684,QCL,3.3218500074536305e-06,linear,0.7
685,GPR,0.011113487172834776,linear,0.7
686,DNN,0.0013411216436020163,linear,0.7
687,QCL,1.6192408029853022e-05,linear,0.9
688,GPR,0.09530636127504281,linear,0.9
689,DNN,0.03184127164164185,linear,0.9
690,QCL,2.8333166034777965e-05,exp,0.1
691,GPR,0.0001646827320138841,exp,0.1
692,DNN,0.001273709691563521,exp,0.1
693,QCL,2.6332237171701235e-05,exp,0.3
694,GPR,0.0012415574560870662,exp,0.3
695,DNN,0.008380079332948777,exp,0.3
696,QCL,0.00010778735076357661,exp,0.5
697,GPR,0.003910531428369209,exp,0.5
698,DNN,0.02256974271488807,exp,0.5
699,QCL,0.011009811303282156,exp,0.7
700,GPR,0.009628143735534223,exp,0.7
701,DNN,0.034725639910393596,exp,0.7
702,QCL,0.010928680531360285,exp,0.9
703,GPR,0.05805351710217113,exp,0.9
704,DNN,0.05491012384487084,exp,0.9
705,QCL,3.2944484266905834e-05,sin1/2,0.1
706,GPR,4.978197876839146e-06,sin1/2,0.1
707,DNN,0.0014594218277443117,sin1/2,0.1
708,QCL,1.4491910600871808e-05,sin1/2,0.3
709,GPR,0.0011293750533204203,sin1/2,0.3
710,DNN,0.004933233120861138,sin1/2,0.3
711,QCL,9.47044145293868e-06,sin1/2,0.5
712,GPR,0.00026124340826700737,sin1/2,0.5
713,DNN,0.003965217102993056,sin1/2,0.5
714,QCL,4.270620147869311e-06,sin1/2,0.7
715,GPR,0.008040006783322777,sin1/2,0.7
716,DNN,0.15524952696211095,sin1/2,0.7
717,QCL,6.324065783394224e-05,sin1/2,0.9
718,GPR,1.189731674206852,sin1/2,0.9
719,DNN,0.48896873454814066,sin1/2,0.9
720,QCL,0.12186145150544252,sin,0.1
721,GPR,5.121610129777706e-07,sin,0.1
722,DNN,0.024209818128701422,sin,0.1
723,QCL,0.7430096299567774,sin,0.3
724,GPR,0.012815720794924114,sin,0.3
725,DNN,0.19451923478674185,sin,0.3
726,QCL,0.9035756268044615,sin,0.5
727,GPR,0.1408862612695534,sin,0.5
728,DNN,0.1210130580351626,sin,0.5
729,QCL,0.4958204244698127,sin,0.7
730,GPR,0.028096384038901606,sin,0.7
731,DNN,3.7514977737532726,sin,0.7
732,QCL,0.3826979407731662,sin,0.9
733,GPR,0.4208723211747752,sin,0.9
734,DNN,7.09816261233594,sin,0.9
735,QCL,0.6652362770066859,sin2,0.1
736,GPR,0.027297176541408886,sin2,0.1
737,DNN,0.7263924649745676,sin2,0.1
738,QCL,1.7388824953922242,sin2,0.3
739,GPR,0.09670474706266949,sin2,0.3
740,DNN,0.18809187669083027,sin2,0.3
741,QCL,1.9211839012343155,sin2,0.5
742,GPR,0.6164639373194448,sin2,0.5
743,DNN,2.92012129392451,sin2,0.5
744,QCL,3.1673964783133797,sin2,0.7
745,GPR,0.36271323323824456,sin2,0.7
746,DNN,3.4627937467223533,sin2,0.7
747,QCL,1.9515173729916404,sin2,0.9
748,GPR,0.4245112384709546,sin2,0.9
749,DNN,9.365101735137982,sin2,0.9
750,QCL,8.890746881267447e-05,linear,0.1
751,GPR,6.771369657988272e-06,linear,0.1
752,DNN,0.00026395625976719645,linear,0.1
753,QCL,3.973376368911157e-05,linear,0.3
754,GPR,0.00010329428677889173,linear,0.3
755,DNN,1.6396931822510876e-05,linear,0.3
756,QCL,6.886954743181195e-05,linear,0.5
757,GPR,0.007263041326953054,linear,0.5
758,DNN,0.00012751167256300016,linear,0.5
759,QCL,0.0010973920053445646,linear,0.7
760,GPR,0.014727641242764485,linear,0.7
761,DNN,0.001378315866311358,linear,0.7
762,QCL,0.0008736673948164651,linear,0.9
763,GPR,0.0890096878394421,linear,0.9
764,DNN,0.10924883917680799,linear,0.9
765,QCL,9.871200940058307e-05,exp,0.1
766,GPR,0.00019652202688199126,exp,0.1
767,DNN,0.0032458035718383182,exp,0.1
768,QCL,7.535696561505768e-05,exp,0.3
769,GPR,0.0023342324989551245,exp,0.3
770,DNN,0.022409658002187152,exp,0.3
771,QCL,3.9386134095124936e-05,exp,0.5
772,GPR,0.004961101168348659,exp,0.5
773,DNN,0.04777281033570945,exp,0.5
774,QCL,6.31859169408931e-05,exp,0.7
775,GPR,0.02647788565201491,exp,0.7
776,DNN,0.06778675978887748,exp,0.7
777,QCL,3.0472772212377646e-05,exp,0.9
778,GPR,0.059619140906692326,exp,0.9
779,DNN,0.061373973425054164,exp,0.9
780,QCL,1.3420358761679109e-05,sin1/2,0.1
781,GPR,2.325027393531475e-06,sin1/2,0.1
782,DNN,0.0005376437825489905,sin1/2,0.1
783,QCL,3.922291838219403e-06,sin1/2,0.3
784,GPR,0.00056496632957709,sin1/2,0.3
785,DNN,0.00026264282147013144,sin1/2,0.3
786,QCL,3.916743247789286e-06,sin1/2,0.5
787,GPR,0.0010717692228319389,sin1/2,0.5
788,DNN,0.05139840539252151,sin1/2,0.5
789,QCL,3.5692266230222763e-06,sin1/2,0.7
790,GPR,0.015111484414796306,sin1/2,0.7
791,DNN,0.2933475550201896,sin1/2,0.7
792,QCL,3.160289775757971e-06,sin1/2,0.9
793,GPR,1.3306115901652087,sin1/2,0.9
794,DNN,0.26404626174257817,sin1/2,0.9
795,QCL,0.10121355407221785,sin,0.1
796,GPR,1.440262315028428e-06,sin,0.1
797,DNN,0.011586152878976564,sin,0.1
798,QCL,1.1413911371064167,sin,0.3
799,GPR,0.08247390058468322,sin,0.3
800,DNN,0.049629224949782974,sin,0.3
801,QCL,0.713385125979585,sin,0.5
802,GPR,0.14215472858951514,sin,0.5
803,DNN,1.6096966692506856,sin,0.5
804,QCL,0.5045717871038289,sin,0.7
805,GPR,0.16183181303046446,sin,0.7
806,DNN,4.181161222178672,sin,0.7
807,QCL,0.31277127487197015,sin,0.9
808,GPR,0.4797771103263058,sin,0.9
809,DNN,6.013609925095162,sin,0.9
810,QCL,0.6205692136936877,sin2,0.1
811,GPR,3.0691762530737265e-06,sin2,0.1
812,DNN,0.5512593945291794,sin2,0.1
813,QCL,5.004493633458358,sin2,0.3
814,GPR,0.23229478655762872,sin2,0.3
815,DNN,0.6148357628926852,sin2,0.3
816,QCL,3.076830909252203,sin2,0.5
817,GPR,0.5538965727796932,sin2,0.5
818,DNN,1.1526988789176045,sin2,0.5
819,QCL,2.6106497090690506,sin2,0.7
820,GPR,0.4165467419794248,sin2,0.7
821,DNN,3.683250496658057,sin2,0.7
822,QCL,1.5549168741020063,sin2,0.9
823,GPR,0.29762174598851204,sin2,0.9
824,DNN,0.9608084335079363,sin2,0.9
825,QCL,0.0002434272534852239,linear,0.1
826,GPR,2.4234097934552847e-06,linear,0.1
827,DNN,1.1849654597362886e-05,linear,0.1
828,QCL,0.0037067255922109965,linear,0.3
829,GPR,0.0003668068831770737,linear,0.3
830,DNN,0.0029439612396513133,linear,0.3
831,QCL,0.0008751916123724185,linear,0.5
832,GPR,0.007052637142575485,linear,0.5
833,DNN,0.0009234629163340344,linear,0.5
834,QCL,0.0007995334316657757,linear,0.7
835,GPR,0.0412208435337742,linear,0.7
836,DNN,0.0015106517850109456,linear,0.7
837,QCL,0.0005629944160673554,linear,0.9
838,GPR,0.07802769930996989,linear,0.9
839,DNN,0.16775971858718142,linear,0.9
840,QCL,0.0005890742938911896,exp,0.1
841,GPR,1.7980010021650072e-05,exp,0.1
842,DNN,0.00024478837590465415,exp,0.1
843,QCL,0.01582508901152001,exp,0.3
844,GPR,0.002378811952618353,exp,0.3
845,DNN,0.044228776057573284,exp,0.3
846,QCL,0.008605169471623979,exp,0.5
847,GPR,0.003546065310109943,exp,0.5
848,DNN,0.03678292015300386,exp,0.5
849,QCL,0.013277139795889948,exp,0.7
850,GPR,0.025206237658761288,exp,0.7
851,DNN,0.11804161951819263,exp,0.7
852,QCL,0.008903632525395,exp,0.9
853,GPR,0.06687439129829569,exp,0.9
854,DNN,0.05555266475709561,exp,0.9
855,QCL,0.0003932183917711617,sin1/2,0.1
856,GPR,1.775625837696732e-06,sin1/2,0.1
857,DNN,0.0009288012076992984,sin1/2,0.1
858,QCL,0.0009283666982504265,sin1/2,0.3
859,GPR,0.0006173548184998896,sin1/2,0.3
860,DNN,0.0004895603389171068,sin1/2,0.3
861,QCL,0.023463225988361897,sin1/2,0.5
862,GPR,0.0006969287905588795,sin1/2,0.5
863,DNN,0.019870766269856222,sin1/2,0.5
864,QCL,0.01343684622743811,sin1/2,0.7
865,GPR,0.008734813522054796,sin1/2,0.7
866,DNN,0.22634369287944137,sin1/2,0.7
867,QCL,0.01200511183506562,sin1/2,0.9
868,GPR,1.1770193646490095,sin1/2,0.9
869,DNN,0.6671497287589058,sin1/2,0.9
870,QCL,0.1383578034555403,sin,0.1
871,GPR,1.2113829172084859e-06,sin,0.1
872,DNN,0.01431023356492287,sin,0.1
873,QCL,0.6355606154413009,sin,0.3
874,GPR,0.01508978325119753,sin,0.3
875,DNN,0.13844386209447163,sin,0.3
876,QCL,1.0017493564535933,sin,0.5
877,GPR,0.1671254985849438,sin,0.5
878,DNN,0.9168671693933347,sin,0.5
879,QCL,0.8014417216341936,sin,0.7
880,GPR,0.031377164382609,sin,0.7
881,DNN,3.6518689572122733,sin,0.7
882,QCL,0.37316535292861835,sin,0.9
883,GPR,0.37339677165495194,sin,0.9
884,DNN,9.96749565631996,sin,0.9
885,QCL,0.33973334747224604,sin2,0.1
886,GPR,4.337014771928556e-05,sin2,0.1
887,DNN,0.8922074093138466,sin2,0.1
888,QCL,3.1280596399721134,sin2,0.3
889,GPR,0.10362850852569219,sin2,0.3
890,DNN,0.18325764653823243,sin2,0.3
891,QCL,2.6683851187058805,sin2,0.5
892,GPR,0.6898141920400165,sin2,0.5
893,DNN,2.731856503172944,sin2,0.5
894,QCL,2.6242759266237177,sin2,0.7
895,GPR,0.37792058778295046,sin2,0.7
896,DNN,1.6333443030805868,sin2,0.7
897,QCL,1.252106637575456,sin2,0.9
898,GPR,0.4720006271986421,sin2,0.9
899,DNN,19.447183329343822,sin2,0.9
900,QCL,9.414349535622408e-05,linear,0.1
901,GPR,2.6519234450397244e-06,linear,0.1
902,DNN,0.0001970778965971138,linear,0.1
903,QCL,3.2952782318800214e-05,linear,0.3
904,GPR,5.9133841934410764e-05,linear,0.3
905,DNN,0.0002901897271364184,linear,0.3
906,QCL,2.075330875100542e-05,linear,0.5
907,GPR,0.004814244700480807,linear,0.5
908,DNN,0.00367984357227506,linear,0.5
909,QCL,9.43084450162043e-06,linear,0.7
910,GPR,0.04282936380387748,linear,0.7
911,DNN,0.000822049768739811,linear,0.7
912,QCL,3.9885516181589004e-05,linear,0.9
913,GPR,0.08856172676560782,linear,0.9
914,DNN,0.37619827190867244,linear,0.9
915,QCL,0.0001767079029145957,exp,0.1
916,GPR,3.390106846153891e-05,exp,0.1
917,DNN,0.0004467236493078417,exp,0.1
918,QCL,0.00010817298311947103,exp,0.3
919,GPR,0.001192262371890869,exp,0.3
920,DNN,0.00765191588348037,exp,0.3
921,QCL,2.2455561330093587e-05,exp,0.5
922,GPR,0.004637459115195636,exp,0.5
923,DNN,0.019105677794840605,exp,0.5
924,QCL,2.5999733088745154e-05,exp,0.7
925,GPR,0.025793552616381568,exp,0.7
926,DNN,0.2513365059356818,exp,0.7
927,QCL,1.932493355932509e-05,exp,0.9
928,GPR,0.05057107268935213,exp,0.9
929,DNN,0.28525881540876236,exp,0.9
930,QCL,3.939844004860101e-05,sin1/2,0.1
931,GPR,1.3996407971033581e-05,sin1/2,0.1
932,DNN,0.0008307035259175373,sin1/2,0.1
933,QCL,1.438621399100524e-05,sin1/2,0.3
934,GPR,0.0010990430537379172,sin1/2,0.3
935,DNN,0.007990966461190453,sin1/2,0.3
936,QCL,8.98183396960965e-06,sin1/2,0.5
937,GPR,0.0005900394324123072,sin1/2,0.5
938,DNN,0.016455389145925706,sin1/2,0.5
939,QCL,2.4353950190314152e-05,sin1/2,0.7
940,GPR,0.0219949086768194,sin1/2,0.7
941,DNN,0.36097697723989663,sin1/2,0.7
942,QCL,6.4773190533702375e-06,sin1/2,0.9
943,GPR,1.0638849378392332,sin1/2,0.9
944,DNN,0.9015607049370645,sin1/2,0.9
945,QCL,0.11943756711209694,sin,0.1
946,GPR,1.4658375293879115e-06,sin,0.1
947,DNN,0.0124075046369332,sin,0.1
948,QCL,0.8374480931192362,sin,0.3
949,GPR,0.012691599658648724,sin,0.3
950,DNN,0.3471681326010007,sin,0.3
951,QCL,0.6430524717482596,sin,0.5
952,GPR,0.11848464162464573,sin,0.5
953,DNN,2.0645614033625597,sin,0.5
954,QCL,0.572321842796503,sin,0.7
955,GPR,0.021900905088949943,sin,0.7
956,DNN,4.710174288318625,sin,0.7
957,QCL,0.3629257022490193,sin,0.9
958,GPR,0.37795852705789235,sin,0.9
959,DNN,4.598942007651036,sin,0.9
960,QCL,0.23065542477280299,sin2,0.1
961,GPR,0.0004678365838445017,sin2,0.1
962,DNN,0.3914807934077668,sin2,0.1
963,QCL,3.4257647939975735,sin2,0.3
964,GPR,0.24970427268288722,sin2,0.3
965,DNN,1.032781407136407,sin2,0.3
966,QCL,1.7504751569299197,sin2,0.5
967,GPR,0.6659733183401179,sin2,0.5
968,DNN,4.909500016760365,sin2,0.5
969,QCL,2.830050310396731,sin2,0.7
970,GPR,0.3048361219139102,sin2,0.7
971,DNN,2.8748912321435904,sin2,0.7
972,QCL,1.5731847220857804,sin2,0.9
973,GPR,0.3648383385843689,sin2,0.9
974,DNN,10.261934821425884,sin2,0.9
975,QCL,8.646425672221342e-05,linear,0.1
976,GPR,2.3685925341541806e-06,linear,0.1
977,DNN,0.00023213721633505183,linear,0.1
978,QCL,1.817144608202423e-05,linear,0.3
979,GPR,0.00044631780212858247,linear,0.3
980,DNN,0.009980461203318195,linear,0.3
981,QCL,0.0006854784451874047,linear,0.5
982,GPR,0.0016265014428992596,linear,0.5
983,DNN,0.003455212614447522,linear,0.5
984,QCL,0.00040069591773123433,linear,0.7
985,GPR,0.027346322340487988,linear,0.7
986,DNN,0.0009094481414450846,linear,0.7
987,QCL,0.0004939581811224642,linear,0.9
988,GPR,0.09560903191290922,linear,0.9
989,DNN,0.03230888039208032,linear,0.9
990,QCL,6.166846711801879e-05,exp,0.1
991,GPR,7.083708829342613e-05,exp,0.1
992,DNN,0.0006014211860163208,exp,0.1
993,QCL,1.5451412685267356e-05,exp,0.3
994,GPR,0.0017426748217537174,exp,0.3
995,DNN,0.015568981064155933,exp,0.3
996,QCL,7.88917497570636e-06,exp,0.5
997,GPR,0.007686312074472342,exp,0.5
998,DNN,0.05796947684401611,exp,0.5
999,QCL,0.00024713906253828044,exp,0.7
1000,GPR,0.03189640259998864,exp,0.7
1001,DNN,0.1356370343473123,exp,0.7
1002,QCL,0.00017512412387107014,exp,0.9
1003,GPR,0.0735171794769573,exp,0.9
1004,DNN,0.24124492602241204,exp,0.9
1005,QCL,0.0006354886223779284,sin1/2,0.1
1006,GPR,9.310280618634934e-06,sin1/2,0.1
1007,DNN,0.0014715819951324036,sin1/2,0.1
1008,QCL,0.00023388157265619055,sin1/2,0.3
1009,GPR,0.0011508741765928006,sin1/2,0.3
1010,DNN,0.0027965527865692905,sin1/2,0.3
1011,QCL,9.818261636184923e-05,sin1/2,0.5
1012,GPR,0.000540154655773004,sin1/2,0.5
1013,DNN,0.0038401327332677525,sin1/2,0.5
1014,QCL,0.00015074683470410414,sin1/2,0.7
1015,GPR,0.012128325515952191,sin1/2,0.7
1016,DNN,0.10272008985517982,sin1/2,0.7
1017,QCL,8.834652399059784e-05,sin1/2,0.9
1018,GPR,1.100902386829344,sin1/2,0.9
1019,DNN,0.1627688871184224,sin1/2,0.9
1020,QCL,0.1521919319993307,sin,0.1
1021,GPR,1.6154406545952826e-06,sin,0.1
1022,DNN,0.009191183584550172,sin,0.1
1023,QCL,0.904270938064638,sin,0.3
1024,GPR,0.04156603313699121,sin,0.3
1025,DNN,0.14907538199301734,sin,0.3
1026,QCL,0.7618019393061065,sin,0.5
1027,GPR,0.11205094958806569,sin,0.5
1028,DNN,0.5472980788679993,sin,0.5
1029,QCL,0.5340046293165509,sin,0.7
1030,GPR,0.028584796399198698,sin,0.7
1031,DNN,2.228720178940361,sin,0.7
1032,QCL,0.3982804742899692,sin,0.9
1033,GPR,0.39030390540801585,sin,0.9
1034,DNN,7.285534921181078,sin,0.9
1035,QCL,0.3130156567823824,sin2,0.1
1036,GPR,4.966659363046994e-07,sin2,0.1
1037,DNN,0.07954670725387884,sin2,0.1
1038,QCL,3.071518610926042,sin2,0.3
1039,GPR,0.14286614742186685,sin2,0.3
1040,DNN,0.5693427493866923,sin2,0.3
1041,QCL,2.3849524958412487,sin2,0.5
1042,GPR,0.4134651081782221,sin2,0.5
1043,DNN,8.637525991574552,sin2,0.5
1044,QCL,2.9250306784307516,sin2,0.7
1045,GPR,0.5679174110976619,sin2,0.7
1046,DNN,1.7093305245827835,sin2,0.7
1047,QCL,1.5604821234088033,sin2,0.9
1048,GPR,0.45919906475116085,sin2,0.9
1049,DNN,16.81130135367478,sin2,0.9
1050,QCL,0.0041317184184557435,linear,0.1
1051,GPR,3.856204189059328e-06,linear,0.1
1052,DNN,0.0005096818431159922,linear,0.1
1053,QCL,0.024568978065575443,linear,0.3
1054,GPR,4.074349939167999e-05,linear,0.3
1055,DNN,0.0015044205741787068,linear,0.3
1056,QCL,0.005047187855755445,linear,0.5
1057,GPR,0.0006780791912076162,linear,0.5
1058,DNN,0.00551543048211805,linear,0.5
1059,QCL,0.08216550566319936,linear,0.7
1060,GPR,0.022211649748248494,linear,0.7
1061,DNN,0.0007389825298943474,linear,0.7
1062,QCL,0.07466924192096591,linear,0.9
1063,GPR,0.08538539667410872,linear,0.9
1064,DNN,0.000755198122830929,linear,0.9
1065,QCL,0.0007379952792319015,exp,0.1
1066,GPR,4.69716331886514e-05,exp,0.1
1067,DNN,0.00021336508444941933,exp,0.1
1068,QCL,0.00020055311944411426,exp,0.3
1069,GPR,0.0011337110975307215,exp,0.3
1070,DNN,0.007724435621937388,exp,0.3
1071,QCL,0.00016336837776628518,exp,0.5
1072,GPR,0.006945821867699526,exp,0.5
1073,DNN,0.041743363103478204,exp,0.5
1074,QCL,0.00010498025205473158,exp,0.7
1075,GPR,0.02152051158462282,exp,0.7
1076,DNN,0.06011471048528423,exp,0.7
1077,QCL,0.00010226123802120591,exp,0.9
1078,GPR,0.07001558955529168,exp,0.9
1079,DNN,0.4594769376009678,exp,0.9
1080,QCL,1.3617560215433208e-07,sin1/2,0.1
1081,GPR,1.0736327911364882e-06,sin1/2,0.1
1082,DNN,3.783114770858514e-05,sin1/2,0.1
1083,QCL,6.228004126178989e-07,sin1/2,0.3
1084,GPR,0.001459177788839663,sin1/2,0.3
1085,DNN,0.004708133977369329,sin1/2,0.3
1086,QCL,1.6030045708291448e-07,sin1/2,0.5
1087,GPR,0.0008665875113676774,sin1/2,0.5
1088,DNN,0.024602981082048822,sin1/2,0.5
1089,QCL,2.1108937486448326e-05,sin1/2,0.7
1090,GPR,0.024806830413801252,sin1/2,0.7
1091,DNN,0.3809851102400392,sin1/2,0.7
1092,QCL,8.872143890055225e-06,sin1/2,0.9
1093,GPR,0.14450390386859138,sin1/2,0.9
1094,DNN,0.5073637133208657,sin1/2,0.9
1095,QCL,0.10449848377306374,sin,0.1
1096,GPR,1.082871867011913e-06,sin,0.1
1097,DNN,0.006606920674025707,sin,0.1
1098,QCL,0.3933508599840831,sin,0.3
1099,GPR,0.0029048837164570573,sin,0.3
1100,DNN,0.21007401343882612,sin,0.3
1101,QCL,0.8673545213044936,sin,0.5
1102,GPR,0.15859333850796825,sin,0.5
1103,DNN,0.9162819243200191,sin,0.5
1104,QCL,0.7001268026771003,sin,0.7
1105,GPR,0.07200152513772488,sin,0.7
1106,DNN,3.0408402605745235,sin,0.7
1107,QCL,0.479575884547112,sin,0.9
1108,GPR,0.45602570545768145,sin,0.9
1109,DNN,10.523740477539617,sin,0.9
1110,QCL,0.4659367134379727,sin2,0.1
1111,GPR,7.743482198868573e-06,sin2,0.1
1112,DNN,0.5059085273727248,sin2,0.1
1113,QCL,3.6943288891065604,sin2,0.3
1114,GPR,0.25779016888305606,sin2,0.3
1115,DNN,0.30786611004012326,sin2,0.3
1116,QCL,2.73260768530117,sin2,0.5
1117,GPR,0.6043909631873445,sin2,0.5
1118,DNN,1.7729867059187112,sin2,0.5
1119,QCL,1.7184814323479773,sin2,0.7
1120,GPR,0.37951812698249304,sin2,0.7
1121,DNN,10.134693004960118,sin2,0.7
1122,QCL,1.6399359424730924,sin2,0.9
1123,GPR,0.4664719157499248,sin2,0.9
1124,DNN,15.837909337716894,sin2,0.9
1125,QCL,1.1145724803741025e-06,linear,0.1
1126,GPR,3.9220217286882515e-06,linear,0.1
1127,DNN,0.00024918677651346386,linear,0.1
1128,QCL,8.661398983341685e-07,linear,0.3
1129,GPR,0.0001331364888840791,linear,0.3
1130,DNN,0.002831316234996385,linear,0.3
1131,QCL,3.1285540302889487e-06,linear,0.5
1132,GPR,0.003629891066244347,linear,0.5
1133,DNN,0.00035271553077541833,linear,0.5
1134,QCL,5.67632815313597e-05,linear,0.7
1135,GPR,0.03446423327015221,linear,0.7
1136,DNN,0.0013011779024610754,linear,0.7
1137,QCL,2.0298178393320787e-05,linear,0.9
1138,GPR,0.09385333866259382,linear,0.9
1139,DNN,0.014474223184837515,linear,0.9
1140,QCL,3.155589168572805e-05,exp,0.1
1141,GPR,7.663747087438722e-05,exp,0.1
1142,DNN,0.0007047749450344358,exp,0.1
1143,QCL,4.287398673863591e-06,exp,0.3
1144,GPR,0.0008326513039941229,exp,0.3
1145,DNN,0.007392184655032708,exp,0.3
1146,QCL,2.3810406597081673e-06,exp,0.5
1147,GPR,0.005075861771063217,exp,0.5
1148,DNN,0.03454421732050476,exp,0.5
1149,QCL,0.0001337451543641226,exp,0.7
1150,GPR,0.033840752485376685,exp,0.7
1151,DNN,0.17240379964697194,exp,0.7
1152,QCL,2.3560097207118546e-05,exp,0.9
1153,GPR,0.0798698169266913,exp,0.9
1154,DNN,0.08385126098038632,exp,0.9
1155,QCL,4.07374670549926e-06,sin1/2,0.1
1156,GPR,3.4742491958116307e-06,sin1/2,0.1
1157,DNN,0.0019220851975311763,sin1/2,0.1
1158,QCL,6.330222148977663e-07,sin1/2,0.3
1159,GPR,0.0008081341703576802,sin1/2,0.3
1160,DNN,0.0039092275023533355,sin1/2,0.3
1161,QCL,5.638968567482629e-07,sin1/2,0.5
1162,GPR,0.0012393477265294729,sin1/2,0.5
1163,DNN,0.023261593796912505,sin1/2,0.5
1164,QCL,5.633639387536859e-05,sin1/2,0.7
1165,GPR,0.04124038752367816,sin1/2,0.7
1166,DNN,0.2068042402987422,sin1/2,0.7
1167,QCL,4.070525142951815e-05,sin1/2,0.9
1168,GPR,0.23584463134476766,sin1/2,0.9
1169,DNN,0.144717052861036,sin1/2,0.9
1170,QCL,0.19736407531161726,sin,0.1
1171,GPR,6.105439091637849e-07,sin,0.1
1172,DNN,0.03821258384930986,sin,0.1
1173,QCL,0.33336297617267435,sin,0.3
1174,GPR,0.0020253556953387644,sin,0.3
1175,DNN,0.16517851278874932,sin,0.3
1176,QCL,0.7704643698620954,sin,0.5
1177,GPR,0.15994663906672374,sin,0.5
1178,DNN,0.27517732300721964,sin,0.5
1179,QCL,0.5706020963072811,sin,0.7
1180,GPR,0.17772557937823452,sin,0.7
1181,DNN,9.016108713100582,sin,0.7
1182,QCL,0.4912746775153465,sin,0.9
1183,GPR,0.27194446391143956,sin,0.9
1184,DNN,5.8046963858026155,sin,0.9
1185,QCL,0.2826678071841141,sin2,0.1
1186,GPR,0.0016711614054778455,sin2,0.1
1187,DNN,0.451848499928346,sin2,0.1
1188,QCL,5.79166631789968,sin2,0.3
1189,GPR,0.19275542867759102,sin2,0.3
1190,DNN,1.5353794457991077,sin2,0.3
1191,QCL,3.202007668559663,sin2,0.5
1192,GPR,0.506147359919866,sin2,0.5
1193,DNN,2.1589280217043614,sin2,0.5
1194,QCL,2.9649215238707978,sin2,0.7
1195,GPR,0.2643740829194529,sin2,0.7
1196,DNN,1.0442295992851995,sin2,0.7
1197,QCL,1.7036524718638706,sin2,0.9
1198,GPR,0.4830065953421798,sin2,0.9
1199,DNN,12.279089890536445,sin2,0.9
1200,QCL,0.0001498292129416465,linear,0.1
1201,GPR,4.058673276602892e-06,linear,0.1
1202,DNN,0.00018096661338516288,linear,0.1
1203,QCL,5.315820395142643e-05,linear,0.3
1204,GPR,5.9768874332717264e-05,linear,0.3
1205,DNN,0.000546318402310247,linear,0.3
1206,QCL,0.00015991922536622515,linear,0.5
1207,GPR,0.004877485162727794,linear,0.5
1208,DNN,0.0001522011507879167,linear,0.5
1209,QCL,4.1155331339763896e-05,linear,0.7
1210,GPR,0.04736643466824431,linear,0.7
1211,DNN,0.0018465540451554222,linear,0.7
1212,QCL,0.00016174087926485204,linear,0.9
1213,GPR,0.0889059010679375,linear,0.9
1214,DNN,0.28956353544945557,linear,0.9
1215,QCL,0.00018745364876560734,exp,0.1
1216,GPR,4.848607795522625e-05,exp,0.1
1217,DNN,0.0006469299749051998,exp,0.1
1218,QCL,9.446222233937984e-05,exp,0.3
1219,GPR,0.002462333544772848,exp,0.3
1220,DNN,0.01435090924793703,exp,0.3
1221,QCL,5.79424199843383e-05,exp,0.5
1222,GPR,0.009088013700771584,exp,0.5
1223,DNN,0.07838713673965537,exp,0.5
1224,QCL,5.4206223393917896e-05,exp,0.7
1225,GPR,0.01631892703818622,exp,0.7
1226,DNN,0.04366304732604294,exp,0.7
1227,QCL,0.002644954938707919,exp,0.9
1228,GPR,0.0523160046616669,exp,0.9
1229,DNN,0.05029870114596243,exp,0.9
1230,QCL,0.0020628248039835004,sin1/2,0.1
1231,GPR,2.2858859656597545e-05,sin1/2,0.1
1232,DNN,0.00036668805396047037,sin1/2,0.1
1233,QCL,0.0014064954228347236,sin1/2,0.3
1234,GPR,0.00041026512081793377,sin1/2,0.3
1235,DNN,0.0003103071294676117,sin1/2,0.3
1236,QCL,0.000837640352852642,sin1/2,0.5
1237,GPR,0.0012117156257396091,sin1/2,0.5
1238,DNN,0.02008028353864928,sin1/2,0.5
1239,QCL,0.0004917113839864364,sin1/2,0.7
1240,GPR,0.02403732867277044,sin1/2,0.7
1241,DNN,0.3878060061252927,sin1/2,0.7
1242,QCL,0.005163384333849905,sin1/2,0.9
1243,GPR,0.11955266613163591,sin1/2,0.9
1244,DNN,0.3732456051661741,sin1/2,0.9
1245,QCL,0.09866393033609147,sin,0.1
1246,GPR,2.187399773162809e-06,sin,0.1
1247,DNN,0.013799097470393831,sin,0.1
1248,QCL,0.4788327857173276,sin,0.3
1249,GPR,0.0019284160066753823,sin,0.3
1250,DNN,0.1311886322340014,sin,0.3
1251,QCL,0.941683345166517,sin,0.5
1252,GPR,0.16136617402672812,sin,0.5
1253,DNN,0.8269683138262794,sin,0.5
1254,QCL,0.4472131820638697,sin,0.7
1255,GPR,0.37371736006088907,sin,0.7
1256,DNN,9.174763632210377,sin,0.7
1257,QCL,0.483384756637185,sin,0.9
1258,GPR,0.3960630956977095,sin,0.9
1259,DNN,12.807869971698793,sin,0.9
1260,QCL,0.3193274870974086,sin2,0.1
1261,GPR,4.701565183027657e-06,sin2,0.1
1262,DNN,0.28356955119637456,sin2,0.1
1263,QCL,2.8672651090698746,sin2,0.3
1264,GPR,0.12691866517138056,sin2,0.3
1265,DNN,1.4833656717711654,sin2,0.3
1266,QCL,3.7348703408063106,sin2,0.5
1267,GPR,0.5556076215992725,sin2,0.5
1268,DNN,1.5497645881551287,sin2,0.5
1269,QCL,2.9842674848640938,sin2,0.7
1270,GPR,0.40298028457907825,sin2,0.7
1271,DNN,3.689361316469011,sin2,0.7
1272,QCL,1.3193453161500421,sin2,0.9
1273,GPR,0.4090621893042897,sin2,0.9
1274,DNN,16.50914299413502,sin2,0.9
1275,QCL,0.00047247685181120685,linear,0.1
1276,GPR,9.916667529213704e-06,linear,0.1
1277,DNN,0.0006109785873750651,linear,0.1
1278,QCL,0.00021249157859789915,linear,0.3
1279,GPR,0.0002793793948421204,linear,0.3
1280,DNN,0.0013425414812581267,linear,0.3
1281,QCL,0.0003177226380573441,linear,0.5
1282,GPR,0.0049539256784150035,linear,0.5
1283,DNN,0.00015936911436466514,linear,0.5
1284,QCL,0.00016598618625008322,linear,0.7
1285,GPR,0.036792945681036776,linear,0.7
1286,DNN,0.006751901257232528,linear,0.7
1287,QCL,0.00016308267576494516,linear,0.9
1288,GPR,0.09319116001033743,linear,0.9
1289,DNN,0.06722875464789613,linear,0.9
1290,QCL,0.00019713045217164394,exp,0.1
1291,GPR,0.00013174400729535498,exp,0.1
1292,DNN,0.0013729830477868347,exp,0.1
1293,QCL,3.3830947181399e-05,exp,0.3
1294,GPR,0.0012030961685157928,exp,0.3
1295,DNN,0.012485765596229475,exp,0.3
1296,QCL,3.741360551479387e-05,exp,0.5
1297,GPR,0.0032395911842002835,exp,0.5
1298,DNN,0.01924053176940505,exp,0.5
1299,QCL,7.06060541205688e-05,exp,0.7
1300,GPR,0.016018355328723873,exp,0.7
1301,DNN,0.0953976225853365,exp,0.7
1302,QCL,3.111878074966147e-05,exp,0.9
1303,GPR,0.055807906926006755,exp,0.9
1304,DNN,0.05883255718858534,exp,0.9
1305,QCL,4.124599652375063e-05,sin1/2,0.1
1306,GPR,2.2140466051969032e-05,sin1/2,0.1
1307,DNN,0.002161938737282459,sin1/2,0.1
1308,QCL,5.162859154334691e-06,sin1/2,0.3
1309,GPR,0.0008204784334955163,sin1/2,0.3
1310,DNN,0.005353831030786935,sin1/2,0.3
1311,QCL,3.964229810668787e-06,sin1/2,0.5
1312,GPR,0.0006614551374441148,sin1/2,0.5
1313,DNN,0.034536387577735854,sin1/2,0.5
1314,QCL,3.314634971380887e-06,sin1/2,0.7
1315,GPR,0.02519673042149606,sin1/2,0.7
1316,DNN,0.3732893950832389,sin1/2,0.7
1317,QCL,2.949565274283295e-06,sin1/2,0.9
1318,GPR,0.16985804795860807,sin1/2,0.9
1319,DNN,0.9886665577927904,sin1/2,0.9
1320,QCL,0.118965682079503,sin,0.1
1321,GPR,1.0584999754527407e-06,sin,0.1
1322,DNN,0.01894491792853833,sin,0.1
1323,QCL,0.9726892513798381,sin,0.3
1324,GPR,0.03552628170025942,sin,0.3
1325,DNN,0.018451043569026056,sin,0.3
1326,QCL,0.913650739299364,sin,0.5
1327,GPR,0.10680796418659994,sin,0.5
1328,DNN,0.2143399437188851,sin,0.5
1329,QCL,0.7293020497927996,sin,0.7
1330,GPR,0.04940385591399384,sin,0.7
1331,DNN,4.9923580403822285,sin,0.7
1332,QCL,0.38016162356129196,sin,0.9
1333,GPR,0.45220371530813386,sin,0.9
1334,DNN,9.872199184412423,sin,0.9
1335,QCL,0.35748385990271253,sin2,0.1
1336,GPR,0.008325777071037195,sin2,0.1
1337,DNN,0.7422358343633148,sin2,0.1
1338,QCL,3.954176486470444,sin2,0.3
1339,GPR,0.18673654096201994,sin2,0.3
1340,DNN,1.767842994982084,sin2,0.3
1341,QCL,3.456200768906642,sin2,0.5
1342,GPR,0.26327261294152615,sin2,0.5
1343,DNN,2.8572967196318393,sin2,0.5
1344,QCL,2.85702570139284,sin2,0.7
1345,GPR,0.34733286971457117,sin2,0.7
1346,DNN,1.1568320040699729,sin2,0.7
1347,QCL,1.7228354549119747,sin2,0.9
1348,GPR,0.45178785961861545,sin2,0.9
1349,DNN,8.216574845390427,sin2,0.9
1350,QCL,0.0005481419995948689,linear,0.1
1351,GPR,1.1094703057837402e-05,linear,0.1
1352,DNN,0.001335119034611461,linear,0.1
1353,QCL,8.091955151357885e-05,linear,0.3
1354,GPR,0.0001767304419257895,linear,0.3
1355,DNN,0.0013787396834885391,linear,0.3
1356,QCL,4.204277053694345e-05,linear,0.5
1357,GPR,0.0004118736825313144,linear,0.5
1358,DNN,0.004317569841059605,linear,0.5
1359,QCL,0.0005861402222877892,linear,0.7
1360,GPR,0.05027341516234853,linear,0.7
1361,DNN,0.004961393631858127,linear,0.7
1362,QCL,0.00032403165053935824,linear,0.9
1363,GPR,0.0751367431578436,linear,0.9
1364,DNN,0.0008086949889702954,linear,0.9
1365,QCL,0.00039606552486253204,exp,0.1
1366,GPR,0.00020221857442689266,exp,0.1
1367,DNN,0.00200357277147773,exp,0.1
1368,QCL,0.0002735232027461012,exp,0.3
1369,GPR,0.0019907085412791663,exp,0.3
1370,DNN,0.010402409045978974,exp,0.3
1371,QCL,0.0001650225506451736,exp,0.5
1372,GPR,0.010396311006148967,exp,0.5
1373,DNN,0.07682094601129262,exp,0.5
1374,QCL,0.0001189844193216896,exp,0.7
1375,GPR,0.017605538313742144,exp,0.7
1376,DNN,0.04924781228390158,exp,0.7
1377,QCL,0.00020197673663423625,exp,0.9
1378,GPR,0.07835607039912025,exp,0.9
1379,DNN,0.16654438121830747,exp,0.9
1380,QCL,0.0010756771933892796,sin1/2,0.1
1381,GPR,8.468068889664771e-06,sin1/2,0.1
1382,DNN,0.0003817581923169915,sin1/2,0.1
1383,QCL,0.00033391819435484374,sin1/2,0.3
1384,GPR,0.0008879753596482452,sin1/2,0.3
1385,DNN,0.0029734818406150334,sin1/2,0.3
1386,QCL,0.0001984895587089562,sin1/2,0.5
1387,GPR,0.0006035207741183958,sin1/2,0.5
1388,DNN,0.036380428599289076,sin1/2,0.5
1389,QCL,0.00041327823704469035,sin1/2,0.7
1390,GPR,0.016861433042838082,sin1/2,0.7
1391,DNN,0.3537028803492559,sin1/2,0.7
1392,QCL,0.0002048739707245026,sin1/2,0.9
1393,GPR,0.22424714005860877,sin1/2,0.9
1394,DNN,0.6201024590002655,sin1/2,0.9
1395,QCL,0.15176136138013424,sin,0.1
1396,GPR,2.59994916335435e-06,sin,0.1
1397,DNN,0.019247622328668626,sin,0.1
1398,QCL,0.9311857230910696,sin,0.3
1399,GPR,0.02862681421346318,sin,0.3
1400,DNN,0.2269531115363362,sin,0.3
1401,QCL,0.8399963182035179,sin,0.5
1402,GPR,0.1250344518957154,sin,0.5
1403,DNN,1.1365461021724674,sin,0.5
1404,QCL,0.6436065848137392,sin,0.7
1405,GPR,0.04344643929658159,sin,0.7
1406,DNN,2.6878174895957656,sin,0.7
1407,QCL,0.4916330257861233,sin,0.9
1408,GPR,0.43835185640172275,sin,0.9
1409,DNN,8.224373903671548,sin,0.9
1410,QCL,0.23815820055134007,sin2,0.1
1411,GPR,0.0005670238839800456,sin2,0.1
1412,DNN,1.2534746769029899,sin2,0.1
1413,QCL,1.0630868387906294,sin2,0.3
1414,GPR,0.04540147637568239,sin2,0.3
1415,DNN,0.7637762097862424,sin2,0.3
1416,QCL,2.4651359965942983,sin2,0.5
1417,GPR,0.5303367224496398,sin2,0.5
1418,DNN,6.691219175498194,sin2,0.5
1419,QCL,2.939857714513609,sin2,0.7
1420,GPR,0.5833035360509182,sin2,0.7
1421,DNN,3.5068147834950794,sin2,0.7
1422,QCL,1.7410080423232996,sin2,0.9
1423,GPR,0.42725059686487765,sin2,0.9
1424,DNN,15.146288689157554,sin2,0.9
1425,QCL,7.888080821492058e-05,linear,0.1
1426,GPR,2.441617163888635e-06,linear,0.1
1427,DNN,0.0004900967618792539,linear,0.1
1428,QCL,2.511270578259331e-05,linear,0.3
1429,GPR,0.00010503841223100044,linear,0.3
1430,DNN,0.0009791835739149468,linear,0.3
1431,QCL,1.268102225181063e-05,linear,0.5
1432,GPR,0.0008131372005874879,linear,0.5
1433,DNN,0.0004073575111706188,linear,0.5
1434,QCL,0.0006924806050276795,linear,0.7
1435,GPR,0.05836307998285677,linear,0.7
1436,DNN,0.002791809164554352,linear,0.7
1437,QCL,0.00020939045558742946,linear,0.9
1438,GPR,0.12473321706844444,linear,0.9
1439,DNN,0.19442977623972885,linear,0.9
1440,QCL,0.0007052331794651556,exp,0.1
1441,GPR,0.00025570556869273874,exp,0.1
1442,DNN,0.0018036602270140316,exp,0.1
1443,QCL,0.00029222379570731496,exp,0.3
1444,GPR,0.0012044956931001323,exp,0.3
1445,DNN,0.006924858217612789,exp,0.3
1446,QCL,0.00020374659525054486,exp,0.5
1447,GPR,0.005803223003044462,exp,0.5
1448,DNN,0.10137411770395222,exp,0.5
1449,QCL,0.00014254890872412518,exp,0.7
1450,GPR,0.018952487354867736,exp,0.7
1451,DNN,0.06351407215247297,exp,0.7
1452,QCL,0.00017080653441590838,exp,0.9
1453,GPR,0.044797704334397,exp,0.9
1454,DNN,0.04352879842905444,exp,0.9
1455,QCL,0.0011483637381342392,sin1/2,0.1
1456,GPR,1.616774024400427e-05,sin1/2,0.1
1457,DNN,0.004724036142703217,sin1/2,0.1
1458,QCL,0.0006533595878676309,sin1/2,0.3
1459,GPR,0.0006623344921188325,sin1/2,0.3
1460,DNN,0.00024328247538073366,sin1/2,0.3
1461,QCL,0.0005291455075064305,sin1/2,0.5
1462,GPR,0.000286615534901391,sin1/2,0.5
1463,DNN,0.004869470234718643,sin1/2,0.5
1464,QCL,0.0003493899534876991,sin1/2,0.7
1465,GPR,0.022035150029983595,sin1/2,0.7
1466,DNN,0.0003615697936550722,sin1/2,0.7
1467,QCL,0.00032943815541807027,sin1/2,0.9
1468,GPR,0.15133342542184075,sin1/2,0.9
1469,DNN,0.20653517359679355,sin1/2,0.9
1470,QCL,0.14844176772327006,sin,0.1
1471,GPR,1.0566424832336153e-06,sin,0.1
1472,DNN,0.00837663350314849,sin,0.1
1473,QCL,0.3752912307758274,sin,0.3
1474,GPR,0.002229266082569068,sin,0.3
1475,DNN,0.10471609019443674,sin,0.3
1476,QCL,0.9905540636293573,sin,0.5
1477,GPR,0.1923823204348982,sin,0.5
1478,DNN,1.795895022026742,sin,0.5
1479,QCL,0.7087809263903545,sin,0.7
1480,GPR,0.08133239657581497,sin,0.7
1481,DNN,5.063498184036547,sin,0.7
1482,QCL,0.539570240603528,sin,0.9
1483,GPR,0.3787781366592451,sin,0.9
1484,DNN,9.93213340076891,sin,0.9
1485,QCL,0.5045183933883312,sin2,0.1
1486,GPR,0.013317681280076992,sin2,0.1
1487,DNN,1.321654094341038,sin2,0.1
1488,QCL,4.542554593984877,sin2,0.3
1489,GPR,0.242200422409262,sin2,0.3
1490,DNN,0.2931166873611832,sin2,0.3
1491,QCL,1.8985471283047948,sin2,0.5
1492,GPR,0.5149597009149843,sin2,0.5
1493,DNN,6.696626123967848,sin2,0.5
1494,QCL,3.133123171641955,sin2,0.7
1495,GPR,0.30872339858684184,sin2,0.7
1496,DNN,2.6618954955686402,sin2,0.7
1497,QCL,1.96610453223426,sin2,0.9
1498,GPR,0.30128213952623856,sin2,0.9
1499,DNN,6.455448810685253,sin2,0.9
1500,QCL,3.416622985132762e-07,linear,0.1
1501,GPR,4.468120429666868e-06,linear,0.1
1502,DNN,0.0003047188393977351,linear,0.1
1503,QCL,1.1214423590009131e-07,linear,0.3
1504,GPR,0.0001337644821066365,linear,0.3
1505,DNN,0.0005991769013229212,linear,0.3
1506,QCL,1.1614953695763033e-07,linear,0.5
1507,GPR,0.0006709488565879747,linear,0.5
1508,DNN,0.0033028879093429764,linear,0.5
1509,QCL,3.3083600774901215e-08,linear,0.7
1510,GPR,0.023970865993443356,linear,0.7
1511,DNN,0.004489338654714695,linear,0.7
1512,QCL,6.517351796745919e-07,linear,0.9
1513,GPR,0.10021469153229606,linear,0.9
1514,DNN,0.010883185520526976,linear,0.9
1515,QCL,0.00016079806491002598,exp,0.1
1516,GPR,3.84112701279539e-05,exp,0.1
1517,DNN,0.00033884996675180205,exp,0.1
1518,QCL,3.070581497071461e-05,exp,0.3
1519,GPR,0.0016422154697029372,exp,0.3
1520,DNN,0.014768099906049808,exp,0.3
1521,QCL,0.0008822257063284222,exp,0.5
1522,GPR,0.009755278328930576,exp,0.5
1523,DNN,0.06612383154809813,exp,0.5
1524,QCL,0.006759718324370219,exp,0.7
1525,GPR,0.020584828892980384,exp,0.7
1526,DNN,0.09617297538115208,exp,0.7
1527,QCL,0.004476826558233092,exp,0.9
1528,GPR,0.05938852507501223,exp,0.9
1529,DNN,0.03603056970292603,exp,0.9
1530,QCL,5.707082931624395e-05,sin1/2,0.1
1531,GPR,3.937593239463265e-06,sin1/2,0.1
1532,DNN,0.0023620083580188312,sin1/2,0.1
1533,QCL,2.3490475206748863e-05,sin1/2,0.3
1534,GPR,0.0005156354666831587,sin1/2,0.3
1535,DNN,0.00042876835958227205,sin1/2,0.3
1536,QCL,5.585755787561383e-06,sin1/2,0.5
1537,GPR,0.00029408612777855276,sin1/2,0.5
1538,DNN,0.03536582901472319,sin1/2,0.5
1539,QCL,4.500626400426789e-05,sin1/2,0.7
1540,GPR,0.028006621085006764,sin1/2,0.7
1541,DNN,0.3584798981472289,sin1/2,0.7
1542,QCL,2.7495981587443062e-05,sin1/2,0.9
1543,GPR,1.0987454762112077,sin1/2,0.9
1544,DNN,0.8548798775938828,sin1/2,0.9
1545,QCL,0.17283429483963209,sin,0.1
1546,GPR,1.1983270906959886e-06,sin,0.1
1547,DNN,0.002682884630088151,sin,0.1
1548,QCL,0.5188027725697358,sin,0.3
1549,GPR,0.005740681226476727,sin,0.3
1550,DNN,0.2172738989656253,sin,0.3
1551,QCL,0.7712033748438044,sin,0.5
1552,GPR,0.14039828602080168,sin,0.5
1553,DNN,1.1997509275769636,sin,0.5
1554,QCL,0.5310971916604698,sin,0.7
1555,GPR,0.02989621594342577,sin,0.7
1556,DNN,5.785664954683779,sin,0.7
1557,QCL,0.4790255229969579,sin,0.9
1558,GPR,0.4180791818424756,sin,0.9
1559,DNN,4.131760601559859,sin,0.9
1560,QCL,0.22309547276608627,sin2,0.1
1561,GPR,0.00256422706061231,sin2,0.1
1562,DNN,1.520077045823872,sin2,0.1
1563,QCL,1.148772941638393,sin2,0.3
1564,GPR,0.06499480822737846,sin2,0.3
1565,DNN,0.20577314812304764,sin2,0.3
1566,QCL,3.5786881708515725,sin2,0.5
1567,GPR,0.5798262993562424,sin2,0.5
1568,DNN,2.286417661157653,sin2,0.5
1569,QCL,2.30525824860116,sin2,0.7
1570,GPR,0.6321338085676819,sin2,0.7
1571,DNN,5.443706243060426,sin2,0.7
1572,QCL,1.5379186348151128,sin2,0.9
1573,GPR,0.3159085028013097,sin2,0.9
1574,DNN,13.207458095883462,sin2,0.9
1575,QCL,4.881190642565867e-07,linear,0.1
1576,GPR,4.709014556175434e-06,linear,0.1
1577,DNN,0.00010662165880524733,linear,0.1
1578,QCL,1.656219882871151e-07,linear,0.3
1579,GPR,0.00010529613183343812,linear,0.3
1580,DNN,0.0036592479878328073,linear,0.3
1581,QCL,1.2342040567211327e-07,linear,0.5
1582,GPR,0.004428709543759866,linear,0.5
1583,DNN,0.005911731833729738,linear,0.5
1584,QCL,2.1853697161137345e-07,linear,0.7
1585,GPR,0.05315169895292318,linear,0.7
1586,DNN,0.0002824749963472282,linear,0.7
1587,QCL,1.0771342957255103e-07,linear,0.9
1588,GPR,0.07985594733375348,linear,0.9
1589,DNN,0.04750666030690849,linear,0.9
1590,QCL,0.0006247831154366022,exp,0.1
1591,GPR,8.782434535065995e-05,exp,0.1
1592,DNN,0.000965004614935727,exp,0.1
1593,QCL,0.00015264126197905387,exp,0.3
1594,GPR,0.0012028093289147073,exp,0.3
1595,DNN,0.013485826845511686,exp,0.3
1596,QCL,0.0007010078006837811,exp,0.5
1597,GPR,0.004760492838925841,exp,0.5
1598,DNN,0.06740462202415869,exp,0.5
1599,QCL,0.0008511515263425011,exp,0.7
1600,GPR,0.03002545904304168,exp,0.7
1601,DNN,0.06231055928865738,exp,0.7
1602,QCL,0.0006707956028695943,exp,0.9
1603,GPR,0.06164042714715713,exp,0.9
1604,DNN,0.06606854599327384,exp,0.9
1605,QCL,2.991092440790455e-06,sin1/2,0.1
1606,GPR,2.805032315992962e-06,sin1/2,0.1
1607,DNN,0.0004708320984803029,sin1/2,0.1
1608,QCL,1.0102854249591628e-05,sin1/2,0.3
1609,GPR,0.0011336463814660923,sin1/2,0.3
1610,DNN,0.0018174559248998845,sin1/2,0.3
1611,QCL,0.00011724342990770656,sin1/2,0.5
1612,GPR,0.0013467375756394551,sin1/2,0.5
1613,DNN,0.07145647304280024,sin1/2,0.5
1614,QCL,4.6577352246207976e-05,sin1/2,0.7
1615,GPR,0.06244685821358614,sin1/2,0.7
1616,DNN,0.6140008805443333,sin1/2,0.7
1617,QCL,5.6691104921456224e-05,sin1/2,0.9
1618,GPR,1.5855897272168507,sin1/2,0.9
1619,DNN,0.9899842392126694,sin1/2,0.9
1620,QCL,0.08848642352702825,sin,0.1
1621,GPR,2.035470587238953e-06,sin,0.1
1622,DNN,0.010235128289426715,sin,0.1
1623,QCL,0.9759579368410906,sin,0.3
1624,GPR,0.03266585901493064,sin,0.3
1625,DNN,0.10813949337138942,sin,0.3
1626,QCL,1.0457256496504308,sin,0.5
1627,GPR,0.17208205122559833,sin,0.5
1628,DNN,1.2901821256444719,sin,0.5
1629,QCL,0.6460237272363929,sin,0.7
1630,GPR,0.15363329590419272,sin,0.7
1631,DNN,7.982632198945488,sin,0.7
1632,QCL,0.3315833015362108,sin,0.9
1633,GPR,0.4132916465092594,sin,0.9
1634,DNN,6.805978065086794,sin,0.9
1635,QCL,0.5165254141837399,sin2,0.1
1636,GPR,1.841710389397371e-05,sin2,0.1
1637,DNN,0.5445572159471251,sin2,0.1
1638,QCL,4.710220638751674,sin2,0.3
1639,GPR,0.28025957121602535,sin2,0.3
1640,DNN,0.6143454772194714,sin2,0.3
1641,QCL,1.8586943099730475,sin2,0.5
1642,GPR,0.48297847296156077,sin2,0.5
1643,DNN,6.425686215788249,sin2,0.5
1644,QCL,2.5799069538670785,sin2,0.7
1645,GPR,0.3451858793338953,sin2,0.7
1646,DNN,1.7809042633041117,sin2,0.7
1647,QCL,1.190468394825809,sin2,0.9
1648,GPR,0.43310550157015154,sin2,0.9
1649,DNN,7.171967862612067,sin2,0.9
1650,QCL,2.6661750031501632e-05,linear,0.1
1651,GPR,2.167647420818189e-06,linear,0.1
1652,DNN,0.00032415095795018347,linear,0.1
1653,QCL,4.263551148536665e-05,linear,0.3
1654,GPR,0.0004500881485249783,linear,0.3
1655,DNN,0.003703481617313953,linear,0.3
1656,QCL,0.0006526859442699574,linear,0.5
1657,GPR,0.003867322969892002,linear,0.5
1658,DNN,0.00033249262455512755,linear,0.5
1659,QCL,0.0005378514654694179,linear,0.7
1660,GPR,0.02909620237969724,linear,0.7
1661,DNN,0.0030144159106163582,linear,0.7
1662,QCL,0.0002449988675674627,linear,0.9
1663,GPR,0.06796402225836183,linear,0.9
1664,DNN,0.051088847154828504,linear,0.9
1665,QCL,0.00047909718073668614,exp,0.1
1666,GPR,0.00011548934747555116,exp,0.1
1667,DNN,0.0009107586297443836,exp,0.1
1668,QCL,0.000898583225761194,exp,0.3
1669,GPR,0.0006169019037354504,exp,0.3
1670,DNN,0.007342337083095279,exp,0.3
1671,QCL,0.0009667613693767223,exp,0.5
1672,GPR,0.012118494940890498,exp,0.5
1673,DNN,0.062121570259968555,exp,0.5
1674,QCL,0.0008685135119009712,exp,0.7
1675,GPR,0.012925099492627,exp,0.7
1676,DNN,0.05230786886736883,exp,0.7
1677,QCL,0.0006615953414547549,exp,0.9
1678,GPR,0.06245008298827522,exp,0.9
1679,DNN,0.0667837324677057,exp,0.9
1680,QCL,0.0008147438554422287,sin1/2,0.1
1681,GPR,1.0430847963180838e-05,sin1/2,0.1
1682,DNN,0.0008106712118279869,sin1/2,0.1
1683,QCL,0.00023195796439639722,sin1/2,0.3
1684,GPR,0.0014405429957594815,sin1/2,0.3
1685,DNN,0.004562558342738614,sin1/2,0.3
1686,QCL,0.00014157862895728144,sin1/2,0.5
1687,GPR,0.00037165818200648884,sin1/2,0.5
1688,DNN,0.0011200040753738324,sin1/2,0.5
1689,QCL,0.0001553587256293885,sin1/2,0.7
1690,GPR,0.024283089207719506,sin1/2,0.7
1691,DNN,0.3189164315428824,sin1/2,0.7
1692,QCL,0.0001078214492412414,sin1/2,0.9
1693,GPR,1.6136840016003369,sin1/2,0.9
1694,DNN,0.746621881145354,sin1/2,0.9
1695,QCL,0.15852507851453151,sin,0.1
1696,GPR,1.602250781720741e-06,sin,0.1
1697,DNN,0.0184603118202722,sin,0.1
1698,QCL,0.5066430402016124,sin,0.3
1699,GPR,0.009723195859221472,sin,0.3
1700,DNN,0.26361958705732874,sin,0.3
1701,QCL,0.981477161256684,sin,0.5
1702,GPR,0.19100833615523044,sin,0.5
1703,DNN,0.2678710965534837,sin,0.5
1704,QCL,0.5652872070937404,sin,0.7
1705,GPR,0.08690297652320286,sin,0.7
1706,DNN,3.31960285579334,sin,0.7
1707,QCL,0.48199821204037285,sin,0.9
1708,GPR,0.4730059692839175,sin,0.9
1709,DNN,9.800157732629152,sin,0.9
1710,QCL,0.16668666344835492,sin2,0.1
1711,GPR,0.009391261523573943,sin2,0.1
1712,DNN,1.2778090584604302,sin2,0.1
1713,QCL,3.2272151840730703,sin2,0.3
1714,GPR,0.09482955138973166,sin2,0.3
1715,DNN,2.850718352978062,sin2,0.3
1716,QCL,3.4933300272003986,sin2,0.5
1717,GPR,0.3554270344470411,sin2,0.5
1718,DNN,2.046247644991341,sin2,0.5
1719,QCL,2.842431168011659,sin2,0.7
1720,GPR,0.39101586686273376,sin2,0.7
1721,DNN,3.750338772953595,sin2,0.7
1722,QCL,2.1176953530413805,sin2,0.9
1723,GPR,0.47440352264819496,sin2,0.9
1724,DNN,21.754784127961383,sin2,0.9
1725,QCL,1.1081497246289836e-05,linear,0.1
1726,GPR,5.0845757921820645e-06,linear,0.1
1727,DNN,0.000139368171794685,linear,0.1
1728,QCL,3.205362481522719e-06,linear,0.3
1729,GPR,0.00011234044054745164,linear,0.3
1730,DNN,0.001829110367919846,linear,0.3
1731,QCL,3.023060704633624e-06,linear,0.5
1732,GPR,0.000784537481259473,linear,0.5
1733,DNN,0.00920562824574901,linear,0.5
1734,QCL,1.4146822157923694e-05,linear,0.7
1735,GPR,0.04654478806604155,linear,0.7
1736,DNN,0.018016478973349768,linear,0.7
1737,QCL,9.6291742710486e-06,linear,0.9
1738,GPR,0.09832440911239404,linear,0.9
1739,DNN,0.04837191695693935,linear,0.9
1740,QCL,0.0009169390154928738,exp,0.1
1741,GPR,4.041303612275744e-05,exp,0.1
1742,DNN,0.00029037345300700216,exp,0.1
1743,QCL,0.00029010500777415315,exp,0.3
1744,GPR,0.000763524686694455,exp,0.3
1745,DNN,0.007485596129316847,exp,0.3
1746,QCL,0.0011787491329693072,exp,0.5
1747,GPR,0.004056271840221954,exp,0.5
1748,DNN,0.050339202321228724,exp,0.5
1749,QCL,0.0031217816811720095,exp,0.7
1750,GPR,0.028414897071399207,exp,0.7
1751,DNN,0.07295848226056191,exp,0.7
1752,QCL,0.0030538252091958018,exp,0.9
1753,GPR,0.05889109960516054,exp,0.9
1754,DNN,0.4672586425304945,exp,0.9
1755,QCL,0.0008672136030243728,sin1/2,0.1
1756,GPR,1.2927741283335557e-05,sin1/2,0.1
1757,DNN,0.0012041349630005265,sin1/2,0.1
1758,QCL,0.00018186238067552504,sin1/2,0.3
1759,GPR,0.0008168177994303838,sin1/2,0.3
1760,DNN,0.0021730744251802184,sin1/2,0.3
1761,QCL,0.00020442986415066612,sin1/2,0.5
1762,GPR,0.0010800545445433254,sin1/2,0.5
1763,DNN,0.02230827605791103,sin1/2,0.5
1764,QCL,0.0024964255876378247,sin1/2,0.7
1765,GPR,0.015622412200661892,sin1/2,0.7
1766,DNN,0.09518497398508574,sin1/2,0.7
1767,QCL,0.0026756864607736103,sin1/2,0.9
1768,GPR,1.127690230126619,sin1/2,0.9
1769,DNN,0.11790084435835889,sin1/2,0.9
1770,QCL,0.11865085138928036,sin,0.1
1771,GPR,1.3477895491544018e-06,sin,0.1
1772,DNN,0.010150601872126238,sin,0.1
1773,QCL,0.7518720548592168,sin,0.3
1774,GPR,0.019365220572931743,sin,0.3
1775,DNN,0.299871721169664,sin,0.3
1776,QCL,0.6894908323389263,sin,0.5
1777,GPR,0.12401866698052047,sin,0.5
1778,DNN,0.1581751833272013,sin,0.5
1779,QCL,0.5584586409334934,sin,0.7
1780,GPR,0.029565768750626192,sin,0.7
1781,DNN,3.4727211731768675,sin,0.7
1782,QCL,0.45052318195052327,sin,0.9
1783,GPR,0.3883179734058373,sin,0.9
1784,DNN,5.101353372288416,sin,0.9
1785,QCL,0.39255440895359406,sin2,0.1
1786,GPR,0.014184972296069114,sin2,0.1
1787,DNN,0.5582087652718424,sin2,0.1
1788,QCL,1.6375977066952667,sin2,0.3
1789,GPR,0.19379439405085008,sin2,0.3
1790,DNN,0.19166346614002971,sin2,0.3
1791,QCL,2.380448613266822,sin2,0.5
1792,GPR,0.4438435732396849,sin2,0.5
1793,DNN,8.468714315586741,sin2,0.5
1794,QCL,3.423823331365924,sin2,0.7
1795,GPR,0.25355688859703573,sin2,0.7
1796,DNN,1.374714765927177,sin2,0.7
1797,QCL,1.4108954360104933,sin2,0.9
1798,GPR,0.44086890979441146,sin2,0.9
1799,DNN,12.746306319517206,sin2,0.9
1800,QCL,0.000301041784834514,linear,0.1
1801,GPR,9.111130646571501e-06,linear,0.1
1802,DNN,0.0001236610895203168,linear,0.1
1803,QCL,0.0004474382848502185,linear,0.3
1804,GPR,0.00021723911281432083,linear,0.3
1805,DNN,0.001520894041783686,linear,0.3
1806,QCL,0.000505146277983214,linear,0.5
1807,GPR,0.0007307089475755936,linear,0.5
1808,DNN,0.0037434000981319115,linear,0.5
1809,QCL,0.0007860629418525654,linear,0.7
1810,GPR,0.01711492697881721,linear,0.7
1811,DNN,0.0038296794283762697,linear,0.7
1812,QCL,0.0006889894037086909,linear,0.9
1813,GPR,0.07976945434214572,linear,0.9
1814,DNN,0.07169671714442838,linear,0.9
1815,QCL,7.998134296744541e-05,exp,0.1
1816,GPR,0.00011295506646769179,exp,0.1
1817,DNN,0.0009930500011501877,exp,0.1
1818,QCL,2.9879733299234505e-05,exp,0.3
1819,GPR,0.0006343703275305017,exp,0.3
1820,DNN,0.0036165137634688134,exp,0.3
1821,QCL,1.1194888253555214e-05,exp,0.5
1822,GPR,0.011506483420019482,exp,0.5
1823,DNN,0.06101533443598652,exp,0.5
1824,QCL,9.778327252024832e-05,exp,0.7
1825,GPR,0.03783733225185152,exp,0.7
1826,DNN,0.07219528592962157,exp,0.7
1827,QCL,5.993183436573226e-05,exp,0.9
1828,GPR,0.07686183968248543,exp,0.9
1829,DNN,0.2663743461762785,exp,0.9
1830,QCL,0.0010780692714056073,sin1/2,0.1
1831,GPR,1.4507019130180064e-05,sin1/2,0.1
1832,DNN,0.0014621924009207304,sin1/2,0.1
1833,QCL,0.003458162657437423,sin1/2,0.3
1834,GPR,0.00029439786582959564,sin1/2,0.3
1835,DNN,0.00033522602110143,sin1/2,0.3
1836,QCL,0.0009463253758101818,sin1/2,0.5
1837,GPR,0.00011881611660200145,sin1/2,0.5
1838,DNN,0.097857735317664,sin1/2,0.5
1839,QCL,0.0012805090280602388,sin1/2,0.7
1840,GPR,0.0646940707825762,sin1/2,0.7
1841,DNN,0.53124507870783,sin1/2,0.7
1842,QCL,0.0005851893565020259,sin1/2,0.9
1843,GPR,0.21392044069650637,sin1/2,0.9
1844,DNN,0.647159019693532,sin1/2,0.9
1845,QCL,0.19634107578322646,sin,0.1
1846,GPR,4.040669971959473e-06,sin,0.1
1847,DNN,0.06135125050150035,sin,0.1
1848,QCL,0.6376208629202179,sin,0.3
1849,GPR,0.00926475712136316,sin,0.3
1850,DNN,0.05246228016274093,sin,0.3
1851,QCL,0.4245787686010354,sin,0.5
1852,GPR,0.05448123602765973,sin,0.5
1853,DNN,0.2618042889766119,sin,0.5
1854,QCL,0.4014918801678686,sin,0.7
1855,GPR,0.20259797547286518,sin,0.7
1856,DNN,5.829637560878682,sin,0.7
1857,QCL,0.3561529786053929,sin,0.9
1858,GPR,0.47797650566035266,sin,0.9
1859,DNN,7.966954589562782,sin,0.9
1860,QCL,0.19512763665645838,sin2,0.1
1861,GPR,5.2028794764175325e-06,sin2,0.1
1862,DNN,0.13913606664464334,sin2,0.1
1863,QCL,4.079777903131779,sin2,0.3
1864,GPR,0.26131713769476883,sin2,0.3
1865,DNN,1.2735490372297213,sin2,0.3
1866,QCL,1.9014374365607625,sin2,0.5
1867,GPR,0.5361132826881585,sin2,0.5
1868,DNN,5.02488325609141,sin2,0.5
1869,QCL,2.5299426812995285,sin2,0.7
1870,GPR,0.30885343287409117,sin2,0.7
1871,DNN,1.6606525960011387,sin2,0.7
1872,QCL,1.8798902433001703,sin2,0.9
1873,GPR,0.34053274386069554,sin2,0.9
1874,DNN,13.3999285302029,sin2,0.9
1875,QCL,1.0058370086249083e-06,linear,0.1
1876,GPR,8.002612054231725e-06,linear,0.1
1877,DNN,0.00034019465304858585,linear,0.1
1878,QCL,4.0899281149065314e-07,linear,0.3
1879,GPR,0.00010189461473140376,linear,0.3
1880,DNN,0.001670614563855792,linear,0.3
1881,QCL,3.195161428284053e-07,linear,0.5
1882,GPR,0.0005749614918888959,linear,0.5
1883,DNN,0.00037113571472159075,linear,0.5
1884,QCL,1.6865319483280778e-07,linear,0.7
1885,GPR,0.04356889574546114,linear,0.7
1886,DNN,0.00019564181633038012,linear,0.7
1887,QCL,4.6343243659751055e-07,linear,0.9
1888,GPR,0.08031191179853923,linear,0.9
1889,DNN,0.0010852572090009184,linear,0.9
1890,QCL,0.0001751994886610575,exp,0.1
1891,GPR,1.898018901827753e-05,exp,0.1
1892,DNN,0.00024786623566695233,exp,0.1
1893,QCL,0.002169457587295291,exp,0.3
1894,GPR,0.001513921654951809,exp,0.3
1895,DNN,0.00985598480272278,exp,0.3
1896,QCL,0.0004858241188928486,exp,0.5
1897,GPR,0.0073868840606302055,exp,0.5
1898,DNN,0.05159766613760636,exp,0.5
1899,QCL,0.002433280185441713,exp,0.7
1900,GPR,0.025310610481575423,exp,0.7
1901,DNN,0.06660886818393456,exp,0.7
1902,QCL,0.01590409479817237,exp,0.9
1903,GPR,0.047731770813803184,exp,0.9
1904,DNN,0.14921944889126018,exp,0.9
1905,QCL,1.3431637067901146e-05,sin1/2,0.1
1906,GPR,4.675039726996574e-06,sin1/2,0.1
1907,DNN,0.0009860561075998315,sin1/2,0.1
1908,QCL,4.1749465487880484e-06,sin1/2,0.3
1909,GPR,0.0007442152135499859,sin1/2,0.3
1910,DNN,0.0008745475037956473,sin1/2,0.3
1911,QCL,1.7984277576007333e-06,sin1/2,0.5
1912,GPR,0.0010321352245106043,sin1/2,0.5
1913,DNN,0.04217905454102439,sin1/2,0.5
1914,QCL,4.942552347144532e-05,sin1/2,0.7
1915,GPR,0.01482618516359671,sin1/2,0.7
1916,DNN,0.3366072763175338,sin1/2,0.7
1917,QCL,3.5182918773226536e-05,sin1/2,0.9
1918,GPR,1.176498714845273,sin1/2,0.9
1919,DNN,0.1902494935891316,sin1/2,0.9
1920,QCL,0.14176826665369033,sin,0.1
1921,GPR,2.6114641950608484e-06,sin,0.1
1922,DNN,0.0202423784787509,sin,0.1
1923,QCL,0.37540306164378134,sin,0.3
1924,GPR,0.0032899030348194193,sin,0.3
1925,DNN,0.07011046603542322,sin,0.3
1926,QCL,1.2039805012779803,sin,0.5
1927,GPR,0.20109453767036833,sin,0.5
1928,DNN,1.525835117430704,sin,0.5
1929,QCL,0.4271227014881504,sin,0.7
1930,GPR,0.03139962524492531,sin,0.7
1931,DNN,5.218650296605295,sin,0.7
1932,QCL,0.49828485176252535,sin,0.9
1933,GPR,0.4348553166778401,sin,0.9
1934,DNN,6.087496973473742,sin,0.9
1935,QCL,0.26020527652898223,sin2,0.1
1936,GPR,0.004468009413929735,sin2,0.1
1937,DNN,0.8428023795850734,sin2,0.1
1938,QCL,4.345246341906142,sin2,0.3
1939,GPR,0.22632627493444066,sin2,0.3
1940,DNN,0.8299386280758723,sin2,0.3
1941,QCL,3.5163030082798707,sin2,0.5
1942,GPR,0.467479928845973,sin2,0.5
1943,DNN,1.4916439884173223,sin2,0.5
1944,QCL,3.221489949771166,sin2,0.7
1945,GPR,0.6685201576561296,sin2,0.7
1946,DNN,1.449060288945218,sin2,0.7
1947,QCL,1.789545801591417,sin2,0.9
1948,GPR,0.3894372266047795,sin2,0.9
1949,DNN,13.622065855180308,sin2,0.9
1950,QCL,2.2641458248667547e-05,linear,0.1
1951,GPR,4.930373957758968e-06,linear,0.1
1952,DNN,0.00023704916240525512,linear,0.1
1953,QCL,1.696885718489377e-05,linear,0.3
1954,GPR,5.4035700913135725e-05,linear,0.3
1955,DNN,0.000266084478653537,linear,0.3
1956,QCL,9.874762849515166e-06,linear,0.5
1957,GPR,0.0006806099747110757,linear,0.5
1958,DNN,0.016566519268736358,linear,0.5
1959,QCL,0.00012000166511608174,linear,0.7
1960,GPR,0.021923878120007696,linear,0.7
1961,DNN,0.0011025812755663363,linear,0.7
1962,QCL,5.731353273456442e-05,linear,0.9
1963,GPR,0.10519507453943441,linear,0.9
1964,DNN,0.4221019510215096,linear,0.9
1965,QCL,0.0004799183178163844,exp,0.1
1966,GPR,0.00011334164450294813,exp,0.1
1967,DNN,0.0017794382275773562,exp,0.1
1968,QCL,0.0001093833960570955,exp,0.3
1969,GPR,0.0004332710176308673,exp,0.3
1970,DNN,0.004976661781075315,exp,0.3
1971,QCL,0.00012414583241184528,exp,0.5
1972,GPR,0.005177677814782008,exp,0.5
1973,DNN,0.048477594596504046,exp,0.5
1974,QCL,0.00037271163628634205,exp,0.7
1975,GPR,0.03345024285401736,exp,0.7
1976,DNN,0.09284381920459887,exp,0.7
1977,QCL,0.00024742030489401166,exp,0.9
1978,GPR,0.05998435077178695,exp,0.9
1979,DNN,0.07889443998959586,exp,0.9
1980,QCL,7.570423103588249e-05,sin1/2,0.1
1981,GPR,1.475361998329198e-05,sin1/2,0.1
1982,DNN,0.0006176118208891063,sin1/2,0.1
1983,QCL,3.963911759432389e-05,sin1/2,0.3
1984,GPR,0.0009604933885815515,sin1/2,0.3
1985,DNN,0.0025041465990009856,sin1/2,0.3
1986,QCL,2.5546651974454773e-05,sin1/2,0.5
1987,GPR,0.00122962030202145,sin1/2,0.5
1988,DNN,0.0002261823007141859,sin1/2,0.5
1989,QCL,2.785367657375959e-05,sin1/2,0.7
1990,GPR,0.0017544945401656046,sin1/2,0.7
1991,DNN,0.04646051045840919,sin1/2,0.7
1992,QCL,5.7662061873514577e-05,sin1/2,0.9
1993,GPR,0.17192788335288878,sin1/2,0.9
1994,DNN,0.3609950994766798,sin1/2,0.9
1995,QCL,0.11303969718628815,sin,0.1
1996,GPR,2.007246712592179e-06,sin,0.1
1997,DNN,0.00831107271139618,sin,0.1
1998,QCL,0.5579364606225724,sin,0.3
1999,GPR,0.013883056303692505,sin,0.3
2000,DNN,0.16828584511439193,sin,0.3
2001,QCL,0.8893392938591212,sin,0.5
2002,GPR,0.10498524809049237,sin,0.5
2003,DNN,0.3242530443230708,sin,0.5
2004,QCL,0.6008319647454533,sin,0.7
2005,GPR,0.29052010331481765,sin,0.7
2006,DNN,7.531017541486761,sin,0.7
2007,QCL,0.5407808348304001,sin,0.9
2008,GPR,0.3111120530024197,sin,0.9
2009,DNN,4.607169918971518,sin,0.9
2010,QCL,0.2554886787013115,sin2,0.1
2011,GPR,0.00011813648479361074,sin2,0.1
2012,DNN,0.13530407337255912,sin2,0.1
2013,QCL,4.944118059700871,sin2,0.3
2014,GPR,0.20879537443283797,sin2,0.3
2015,DNN,3.1291441320381534,sin2,0.3
2016,QCL,1.5291271672390667,sin2,0.5
2017,GPR,0.5727113385840847,sin2,0.5
2018,DNN,5.5315475387422195,sin2,0.5
2019,QCL,2.532381238684055,sin2,0.7
2020,GPR,0.5852903566283161,sin2,0.7
2021,DNN,1.3471733058808908,sin2,0.7
2022,QCL,1.2498119136280894,sin2,0.9
2023,GPR,0.45874251102434266,sin2,0.9
2024,DNN,7.096564847811268,sin2,0.9
2025,QCL,0.0010559322996473218,linear,0.1
2026,GPR,7.371919243739225e-06,linear,0.1
2027,DNN,0.0001934175054006556,linear,0.1
2028,QCL,0.0002253953422053671,linear,0.3
2029,GPR,0.00015942324168434786,linear,0.3
2030,DNN,0.0014152613906145497,linear,0.3
2031,QCL,9.565317874916841e-05,linear,0.5
2032,GPR,0.001979624930645227,linear,0.5
2033,DNN,0.00016168010901294508,linear,0.5
2034,QCL,0.00015971519536621005,linear,0.7
2035,GPR,0.03305983144091309,linear,0.7
2036,DNN,0.0025918337009272633,linear,0.7
2037,QCL,0.00015371201258786832,linear,0.9
2038,GPR,0.08383187114962944,linear,0.9
2039,DNN,0.010340798308995976,linear,0.9
2040,QCL,0.0002625424613080157,exp,0.1
2041,GPR,1.0847938310093247e-05,exp,0.1
2042,DNN,0.00020764919316340475,exp,0.1
2043,QCL,0.00022661451609742983,exp,0.3
2044,GPR,0.0006315202040803392,exp,0.3
2045,DNN,0.007934125733730894,exp,0.3
2046,QCL,0.0037009345914263392,exp,0.5
2047,GPR,0.0019208198807608387,exp,0.5
2048,DNN,0.013572884079242094,exp,0.5
2049,QCL,0.002665959146457283,exp,0.7
2050,GPR,0.018866102473475192,exp,0.7
2051,DNN,0.06131127911275259,exp,0.7
2052,QCL,0.001990854852802842,exp,0.9
2053,GPR,0.04447510255446266,exp,0.9
2054,DNN,0.10302156084787119,exp,0.9
2055,QCL,0.0003391468781093452,sin1/2,0.1
2056,GPR,7.5555297536093925e-06,sin1/2,0.1
2057,DNN,0.0012994815554592237,sin1/2,0.1
2058,QCL,5.894293979730705e-05,sin1/2,0.3
2059,GPR,0.0008881244585440072,sin1/2,0.3
2060,DNN,0.0006242984289071026,sin1/2,0.3
2061,QCL,3.8791114206011254e-05,sin1/2,0.5
2062,GPR,0.0013938034777711047,sin1/2,0.5
2063,DNN,0.0017781103846481567,sin1/2,0.5
2064,QCL,4.579688124438003e-05,sin1/2,0.7
2065,GPR,0.08196878571035532,sin1/2,0.7
2066,DNN,0.5985494817718958,sin1/2,0.7
2067,QCL,2.5206016021911525e-05,sin1/2,0.9
2068,GPR,1.4670412911220159,sin1/2,0.9
2069,DNN,0.6015102764627559,sin1/2,0.9
2070,QCL,0.12710731381608406,sin,0.1
2071,GPR,7.5118925979101955e-06,sin,0.1
2072,DNN,0.04566678435351982,sin,0.1
2073,QCL,0.740156337461911,sin,0.3
2074,GPR,0.019327086341743658,sin,0.3
2075,DNN,0.14750893720789587,sin,0.3
2076,QCL,0.5855796783749176,sin,0.5
2077,GPR,0.09720880158080172,sin,0.5
2078,DNN,0.8096624380114593,sin,0.5
2079,QCL,0.3187879720481121,sin,0.7
2080,GPR,0.08989019878379145,sin,0.7
2081,DNN,3.216215736415144,sin,0.7
2082,QCL,0.4589843144409251,sin,0.9
2083,GPR,0.43870919784441365,sin,0.9
2084,DNN,7.961550769325717,sin,0.9
2085,QCL,0.24454301330724215,sin2,0.1
2086,GPR,9.773814814831978e-05,sin2,0.1
2087,DNN,0.7302484177796469,sin2,0.1
2088,QCL,4.735489752798151,sin2,0.3
2089,GPR,0.20020007801601974,sin2,0.3
2090,DNN,1.28437033412731,sin2,0.3
2091,QCL,2.4855986794122176,sin2,0.5
2092,GPR,0.40515383447941383,sin2,0.5
2093,DNN,2.395641957404285,sin2,0.5
2094,QCL,2.8316464815975104,sin2,0.7
2095,GPR,0.3364563937382826,sin2,0.7
2096,DNN,1.5861374604112548,sin2,0.7
2097,QCL,2.932816064393386,sin2,0.9
2098,GPR,0.4153258097456739,sin2,0.9
2099,DNN,16.014281725971756,sin2,0.9
2100,QCL,1.0731905573969473e-05,linear,0.1
2101,GPR,3.631149393298241e-06,linear,0.1
2102,DNN,0.00030766598437246965,linear,0.1
2103,QCL,2.2769926246867056e-06,linear,0.3
2104,GPR,7.721843691265364e-05,linear,0.3
2105,DNN,0.0008091783739823053,linear,0.3
2106,QCL,3.182393801453091e-06,linear,0.5
2107,GPR,0.0009955177787929724,linear,0.5
2108,DNN,0.0012989774605991571,linear,0.5
2109,QCL,2.894187527806047e-06,linear,0.7
2110,GPR,0.017283611091309325,linear,0.7
2111,DNN,0.00015636508251881676,linear,0.7
2112,QCL,2.509173473008188e-06,linear,0.9
2113,GPR,0.07847839429684722,linear,0.9
2114,DNN,0.0009093931541899273,linear,0.9
2115,QCL,0.0015327763921590906,exp,0.1
2116,GPR,0.00010442871514985308,exp,0.1
2117,DNN,0.0007151901584622073,exp,0.1
2118,QCL,0.00033283556867983366,exp,0.3
2119,GPR,0.0024420779520759875,exp,0.3
2120,DNN,0.01149646623359332,exp,0.3
2121,QCL,0.0005544408661791309,exp,0.5
2122,GPR,0.006885445199539348,exp,0.5
2123,DNN,0.03071647719818269,exp,0.5
2124,QCL,0.03033207413812859,exp,0.7
2125,GPR,0.02001447449496973,exp,0.7
2126,DNN,0.12966216115304038,exp,0.7
2127,QCL,0.023778765940297226,exp,0.9
2128,GPR,0.054386888638771405,exp,0.9
2129,DNN,0.07253891779191629,exp,0.9
2130,QCL,0.00030420398710958056,sin1/2,0.1
2131,GPR,3.2160895844950263e-06,sin1/2,0.1
2132,DNN,0.0007662651317582486,sin1/2,0.1
2133,QCL,0.0007713044542020298,sin1/2,0.3
2134,GPR,0.0006789389128663,sin1/2,0.3
2135,DNN,0.0022395911788689487,sin1/2,0.3
2136,QCL,0.000187409042178474,sin1/2,0.5
2137,GPR,0.0008572364813726083,sin1/2,0.5
2138,DNN,0.10302078124956292,sin1/2,0.5
2139,QCL,0.003086758761777188,sin1/2,0.7
2140,GPR,0.009171897142901111,sin1/2,0.7
2141,DNN,0.13704703661099105,sin1/2,0.7
2142,QCL,0.002188850186790325,sin1/2,0.9
2143,GPR,0.22977997012615436,sin1/2,0.9
2144,DNN,1.205510420838996,sin1/2,0.9
2145,QCL,0.15239668570886022,sin,0.1
2146,GPR,7.279436201107547e-07,sin,0.1
2147,DNN,0.04038476365770271,sin,0.1
2148,QCL,0.44094339089104023,sin,0.3
2149,GPR,0.0033531608386726595,sin,0.3
2150,DNN,0.2094812678793276,sin,0.3
2151,QCL,1.2553925225953642,sin,0.5
2152,GPR,0.1708633685999137,sin,0.5
2153,DNN,0.6439467198902661,sin,0.5
2154,QCL,0.5252817797081943,sin,0.7
2155,GPR,0.0358815259146722,sin,0.7
2156,DNN,4.53675244668261,sin,0.7
2157,QCL,0.5209768685758217,sin,0.9
2158,GPR,0.3776489644880228,sin,0.9
2159,DNN,8.350780794126457,sin,0.9
2160,QCL,0.26201211253101725,sin2,0.1
2161,GPR,6.288041560227526e-05,sin2,0.1
2162,DNN,1.1751723961042637,sin2,0.1
2163,QCL,4.9895205562680145,sin2,0.3
2164,GPR,0.1978357933411446,sin2,0.3
2165,DNN,0.8810116332075888,sin2,0.3
2166,QCL,2.395213595017887,sin2,0.5
2167,GPR,0.6530143483603706,sin2,0.5
2168,DNN,6.504709908450354,sin2,0.5
2169,QCL,2.631022369507653,sin2,0.7
2170,GPR,0.33120658327135627,sin2,0.7
2171,DNN,0.7885747677160351,sin2,0.7
2172,QCL,1.3233605629296088,sin2,0.9
2173,GPR,0.43407122729799225,sin2,0.9
2174,DNN,7.891224085737804,sin2,0.9
2175,QCL,8.529430173755169e-07,linear,0.1
2176,GPR,5.19111770810921e-06,linear,0.1
2177,DNN,0.0006365733712989818,linear,0.1
2178,QCL,9.951702274543163e-08,linear,0.3
2179,GPR,0.0001255306908842485,linear,0.3
2180,DNN,0.0012975958852295035,linear,0.3
2181,QCL,1.6181166848542562e-07,linear,0.5
2182,GPR,0.005319072806211704,linear,0.5
2183,DNN,0.000500971268115778,linear,0.5
2184,QCL,6.643922053394206e-08,linear,0.7
2185,GPR,0.0173226545820626,linear,0.7
2186,DNN,0.0033231391365807074,linear,0.7
2187,QCL,7.108105853086607e-08,linear,0.9
2188,GPR,0.09780764690334005,linear,0.9
2189,DNN,0.018403326378481317,linear,0.9
2190,QCL,0.00027693902221528476,exp,0.1
2191,GPR,5.9841489328966146e-05,exp,0.1
2192,DNN,0.0004670200735313292,exp,0.1
2193,QCL,0.00014885934474486887,exp,0.3
2194,GPR,0.0005536782258291726,exp,0.3
2195,DNN,0.002675308574339783,exp,0.3
2196,QCL,0.0002090870341572811,exp,0.5
2197,GPR,0.005203896652748108,exp,0.5
2198,DNN,0.03849561651064033,exp,0.5
2199,QCL,0.006429654884584111,exp,0.7
2200,GPR,0.015929693770348616,exp,0.7
2201,DNN,0.048618274801816234,exp,0.7
2202,QCL,0.0046813181722206235,exp,0.9
2203,GPR,0.06256096390456214,exp,0.9
2204,DNN,0.0690438628518251,exp,0.9
2205,QCL,0.0010685919618264057,sin1/2,0.1
2206,GPR,9.02592401054108e-06,sin1/2,0.1
2207,DNN,0.0010884816088697652,sin1/2,0.1
2208,QCL,0.006940398289117893,sin1/2,0.3
2209,GPR,0.00033868770402443126,sin1/2,0.3
2210,DNN,0.0003013662051551637,sin1/2,0.3
2211,QCL,0.00196563415917626,sin1/2,0.5
2212,GPR,0.0010217122977818835,sin1/2,0.5
2213,DNN,0.021625956633343674,sin1/2,0.5
2214,QCL,0.0012802688526804148,sin1/2,0.7
2215,GPR,0.009555130631205427,sin1/2,0.7
2216,DNN,0.13925698291842367,sin1/2,0.7
2217,QCL,0.001002955593496074,sin1/2,0.9
2218,GPR,0.20862242835415842,sin1/2,0.9
2219,DNN,0.2654827332278509,sin1/2,0.9
2220,QCL,0.15384826577883617,sin,0.1
2221,GPR,1.5807613271770716e-07,sin,0.1
2222,DNN,0.05575040470148994,sin,0.1
2223,QCL,0.6256659818313258,sin,0.3
2224,GPR,0.011361626395379498,sin,0.3
2225,DNN,0.15074253640026875,sin,0.3
2226,QCL,0.9077801339804624,sin,0.5
2227,GPR,0.12575289059980468,sin,0.5
2228,DNN,3.446396935755303,sin,0.5
2229,QCL,0.6742129455271958,sin,0.7
2230,GPR,0.04008586027361241,sin,0.7
2231,DNN,4.250259130496728,sin,0.7
2232,QCL,0.3513280809486709,sin,0.9
2233,GPR,0.37457380181609123,sin,0.9
2234,DNN,2.2207735527414085,sin,0.9
2235,QCL,0.26707193064348844,sin2,0.1
2236,GPR,0.0029366282854266118,sin2,0.1
2237,DNN,0.8316147138743067,sin2,0.1
2238,QCL,4.242372672233626,sin2,0.3
2239,GPR,0.0684456990004855,sin2,0.3
2240,DNN,5.903888474367033,sin2,0.3
2241,QCL,1.8548322232781098,sin2,0.5
2242,GPR,0.479095160728153,sin2,0.5
2243,DNN,3.5436806468287894,sin2,0.5
2244,QCL,2.051627330763277,sin2,0.7
2245,GPR,0.49701264087641456,sin2,0.7
2246,DNN,1.8407264232454104,sin2,0.7
2247,QCL,1.0391690570824357,sin2,0.9
2248,GPR,0.4325952062609843,sin2,0.9
2249,DNN,31.14201227941127,sin2,0.9
